Month,MonthID,Country,Confirmed,Deaths,Recovered,Active,WHO Region
January,1,Afghanistan,0,0,0,0,Eastern Mediterranean
January,1,Albania,0,0,0,0,Europe
January,1,Algeria,0,0,0,0,Africa
January,1,Andorra,0,0,0,0,Europe
January,1,Angola,0,0,0,0,Africa
January,1,Antigua and Barbuda,0,0,0,0,Americas
January,1,Argentina,0,0,0,0,Americas
January,1,Armenia,0,0,0,0,Europe
January,1,Australia,38,0,4,34,Western Pacific
January,1,Austria,0,0,0,0,Europe
January,1,Azerbaijan,0,0,0,0,Europe
January,1,Bahamas,0,0,0,0,Americas
January,1,Bahrain,0,0,0,0,Eastern Mediterranean
January,1,Bangladesh,0,0,0,0,South-East Asia
January,1,Barbados,0,0,0,0,Americas
January,1,Belarus,0,0,0,0,Europe
January,1,Belgium,0,0,0,0,Europe
January,1,Belize,0,0,0,0,Americas
January,1,Benin,0,0,0,0,Africa
January,1,Bhutan,0,0,0,0,South-East Asia
January,1,Bolivia,0,0,0,0,Americas
January,1,Bosnia and Herzegovina,0,0,0,0,Europe
January,1,Botswana,0,0,0,0,Africa
January,1,Brazil,0,0,0,0,Americas
January,1,Brunei,0,0,0,0,Western Pacific
January,1,Bulgaria,0,0,0,0,Europe
January,1,Burkina Faso,0,0,0,0,Africa
January,1,Burma,0,0,0,0,South-East Asia
January,1,Burundi,0,0,0,0,Africa
January,1,Cabo Verde,0,0,0,0,Africa
January,1,Cambodia,5,0,0,5,Western Pacific
January,1,Cameroon,0,0,0,0,Africa
January,1,Canada,12,0,0,12,Americas
January,1,Central African Republic,0,0,0,0,Africa
January,1,Chad,0,0,0,0,Africa
January,1,Chile,0,0,0,0,Americas
January,1,China,38008,889,804,36315,Western Pacific
January,1,Colombia,0,0,0,0,Americas
January,1,Comoros,0,0,0,0,Africa
January,1,Congo (Brazzaville),0,0,0,0,Africa
January,1,Congo (Kinshasa),0,0,0,0,Africa
January,1,Costa Rica,0,0,0,0,Americas
January,1,Cote d'Ivoire,0,0,0,0,Africa
January,1,Croatia,0,0,0,0,Europe
January,1,Cuba,0,0,0,0,Americas
January,1,Cyprus,0,0,0,0,Europe
January,1,Czechia,0,0,0,0,Europe
January,1,Denmark,0,0,0,0,Europe
January,1,Djibouti,0,0,0,0,Eastern Mediterranean
January,1,Dominica,0,0,0,0,Americas
January,1,Dominican Republic,0,0,0,0,Americas
January,1,Ecuador,0,0,0,0,Americas
January,1,Egypt,0,0,0,0,Eastern Mediterranean
January,1,El Salvador,0,0,0,0,Americas
January,1,Equatorial Guinea,0,0,0,0,Africa
January,1,Eritrea,0,0,0,0,Africa
January,1,Estonia,0,0,0,0,Europe
January,1,Eswatini,0,0,0,0,Africa
January,1,Ethiopia,0,0,0,0,Africa
January,1,Fiji,0,0,0,0,Western Pacific
January,1,Finland,3,0,0,3,Europe
January,1,France,30,0,0,30,Europe
January,1,Gabon,0,0,0,0,Africa
January,1,Gambia,0,0,0,0,Africa
January,1,Georgia,0,0,0,0,Europe
January,1,Germany,18,0,0,18,Europe
January,1,Ghana,0,0,0,0,Africa
January,1,Greece,0,0,0,0,Europe
January,1,Greenland,0,0,0,0,Europe
January,1,Grenada,0,0,0,0,Americas
January,1,Guatemala,0,0,0,0,Americas
January,1,Guinea,0,0,0,0,Africa
January,1,Guinea-Bissau,0,0,0,0,Africa
January,1,Guyana,0,0,0,0,Americas
January,1,Haiti,0,0,0,0,Americas
January,1,Holy See,0,0,0,0,Europe
January,1,Honduras,0,0,0,0,Americas
January,1,Hungary,0,0,0,0,Europe
January,1,Iceland,0,0,0,0,Europe
January,1,India,2,0,0,2,South-East Asia
January,1,Indonesia,0,0,0,0,South-East Asia
January,1,Iran,0,0,0,0,Eastern Mediterranean
January,1,Iraq,0,0,0,0,Eastern Mediterranean
January,1,Ireland,0,0,0,0,Europe
January,1,Israel,0,0,0,0,Europe
January,1,Italy,2,0,0,2,Europe
January,1,Jamaica,0,0,0,0,Americas
January,1,Japan,56,0,6,50,Western Pacific
January,1,Jordan,0,0,0,0,Eastern Mediterranean
January,1,Kazakhstan,0,0,0,0,Europe
January,1,Kenya,0,0,0,0,Africa
January,1,Kosovo,0,0,0,0,Europe
January,1,Kuwait,0,0,0,0,Eastern Mediterranean
January,1,Kyrgyzstan,0,0,0,0,Europe
January,1,Laos,0,0,0,0,Western Pacific
January,1,Latvia,0,0,0,0,Europe
January,1,Lebanon,0,0,0,0,Eastern Mediterranean
January,1,Lesotho,0,0,0,0,Africa
January,1,Liberia,0,0,0,0,Africa
January,1,Libya,0,0,0,0,Eastern Mediterranean
January,1,Liechtenstein,0,0,0,0,Europe
January,1,Lithuania,0,0,0,0,Europe
January,1,Luxembourg,0,0,0,0,Europe
January,1,Madagascar,0,0,0,0,Africa
January,1,Malawi,0,0,0,0,Africa
January,1,Malaysia,38,0,0,38,Western Pacific
January,1,Maldives,0,0,0,0,South-East Asia
January,1,Mali,0,0,0,0,Africa
January,1,Malta,0,0,0,0,Europe
January,1,Mauritania,0,0,0,0,Africa
January,1,Mauritius,0,0,0,0,Africa
January,1,Mexico,0,0,0,0,Americas
January,1,Moldova,0,0,0,0,Europe
January,1,Monaco,0,0,0,0,Europe
January,1,Mongolia,0,0,0,0,Western Pacific
January,1,Montenegro,0,0,0,0,Europe
January,1,Morocco,0,0,0,0,Eastern Mediterranean
January,1,Mozambique,0,0,0,0,Africa
January,1,Namibia,0,0,0,0,Africa
January,1,Nepal,7,0,0,7,South-East Asia
January,1,Netherlands,0,0,0,0,Europe
January,1,New Zealand,0,0,0,0,Western Pacific
January,1,Nicaragua,0,0,0,0,Americas
January,1,Niger,0,0,0,0,Africa
January,1,Nigeria,0,0,0,0,Africa
January,1,North Macedonia,0,0,0,0,Europe
January,1,Norway,0,0,0,0,Europe
January,1,Oman,0,0,0,0,Eastern Mediterranean
January,1,Pakistan,0,0,0,0,Eastern Mediterranean
January,1,Panama,0,0,0,0,Americas
January,1,Papua New Guinea,0,0,0,0,Western Pacific
January,1,Paraguay,0,0,0,0,Americas
January,1,Peru,0,0,0,0,Americas
January,1,Philippines,2,0,0,2,Western Pacific
January,1,Poland,0,0,0,0,Europe
January,1,Portugal,0,0,0,0,Europe
January,1,Qatar,0,0,0,0,Eastern Mediterranean
January,1,Romania,0,0,0,0,Europe
January,1,Russia,2,0,0,2,Europe
January,1,Rwanda,0,0,0,0,Africa
January,1,Saint Kitts and Nevis,0,0,0,0,Americas
January,1,Saint Lucia,0,0,0,0,Americas
January,1,Saint Vincent and the Grenadines,0,0,0,0,Americas
January,1,San Marino,0,0,0,0,Europe
January,1,Sao Tome and Principe,0,0,0,0,Africa
January,1,Saudi Arabia,0,0,0,0,Eastern Mediterranean
January,1,Senegal,0,0,0,0,Africa
January,1,Serbia,0,0,0,0,Europe
January,1,Seychelles,0,0,0,0,Africa
January,1,Sierra Leone,0,0,0,0,Africa
January,1,Singapore,53,0,0,53,Western Pacific
January,1,Slovakia,0,0,0,0,Europe
January,1,Slovenia,0,0,0,0,Europe
January,1,Somalia,0,0,0,0,Eastern Mediterranean
January,1,South Africa,0,0,0,0,Africa
January,1,South Korea,36,0,0,36,Western Pacific
January,1,South Sudan,0,0,0,0,Africa
January,1,Spain,0,0,0,0,Europe
January,1,Sri Lanka,5,0,0,5,South-East Asia
January,1,Sudan,0,0,0,0,Eastern Mediterranean
January,1,Suriname,0,0,0,0,Americas
January,1,Sweden,1,0,0,1,Europe
January,1,Switzerland,0,0,0,0,Europe
January,1,Syria,0,0,0,0,Eastern Mediterranean
January,1,Taiwan*,52,0,0,52,Western Pacific
January,1,Tajikistan,0,0,0,0,Europe
January,1,Tanzania,0,0,0,0,Africa
January,1,Thailand,94,0,24,70,South-East Asia
January,1,Timor-Leste,0,0,0,0,South-East Asia
January,1,Togo,0,0,0,0,Africa
January,1,Trinidad and Tobago,0,0,0,0,Americas
January,1,Tunisia,0,0,0,0,Eastern Mediterranean
January,1,Turkey,0,0,0,0,Europe
January,1,Uganda,0,0,0,0,Americas
January,1,Ukraine,0,0,0,0,Africa
January,1,United Arab Emirates,12,0,0,12,Europe
January,1,United Kingdom,2,0,0,2,Eastern Mediterranean
January,1,Uruguay,0,0,0,0,Europe
January,1,US,38,0,0,38,Americas
January,1,Uzbekistan,0,0,0,0,Europe
January,1,Venezuela,0,0,0,0,Americas
January,1,Vietnam,18,0,0,18,Western Pacific
January,1,West Bank and Gaza,0,0,0,0,Eastern Mediterranean
January,1,Western Sahara,0,0,0,0,Africa
January,1,Yemen,0,0,0,0,Eastern Mediterranean
January,1,Zambia,0,0,0,0,Africa
January,1,Zimbabwe,0,0,0,0,Africa
February,2,Afghanistan,6,0,0,6,Eastern Mediterranean
February,2,Albania,0,0,0,0,Europe
February,2,Algeria,5,0,0,5,Africa
February,2,Andorra,0,0,0,0,Europe
February,2,Angola,0,0,0,0,Africa
February,2,Antigua and Barbuda,0,0,0,0,Americas
February,2,Argentina,0,0,0,0,Americas
February,2,Armenia,0,0,0,0,Europe
February,2,Australia,431,0,195,236,Western Pacific
February,2,Austria,19,0,0,19,Europe
February,2,Azerbaijan,0,0,0,0,Europe
February,2,Bahamas,0,0,0,0,Americas
February,2,Bahrain,167,0,0,167,Eastern Mediterranean
February,2,Bangladesh,0,0,0,0,South-East Asia
February,2,Barbados,0,0,0,0,Americas
February,2,Belarus,2,0,0,2,Europe
February,2,Belgium,26,0,13,13,Europe
February,2,Belize,0,0,0,0,Americas
February,2,Benin,0,0,0,0,Africa
February,2,Bhutan,0,0,0,0,South-East Asia
February,2,Bolivia,0,0,0,0,Americas
February,2,Bosnia and Herzegovina,0,0,0,0,Europe
February,2,Botswana,0,0,0,0,Africa
February,2,Brazil,5,0,0,5,Americas
February,2,Brunei,0,0,0,0,Western Pacific
February,2,Bulgaria,0,0,0,0,Europe
February,2,Burkina Faso,0,0,0,0,Africa
February,2,Burma,0,0,0,0,South-East Asia
February,2,Burundi,0,0,0,0,Africa
February,2,Cabo Verde,0,0,0,0,Africa
February,2,Cambodia,29,0,18,11,Western Pacific
February,2,Cameroon,0,0,0,0,Africa
February,2,Canada,234,0,0,234,Americas
February,2,Central African Republic,0,0,0,0,Africa
February,2,Chad,0,0,0,0,Africa
February,2,Chile,14,0,0,14,Americas
February,2,China,1634869,46417,360036,1228416,Western Pacific
February,2,Colombia,0,0,0,0,Americas
February,2,Comoros,0,0,0,0,Africa
February,2,Congo (Brazzaville),0,0,0,0,Africa
February,2,Congo (Kinshasa),0,0,0,0,Africa
February,2,Costa Rica,0,0,0,0,Americas
February,2,Cote d'Ivoire,0,0,0,0,Africa
February,2,Croatia,18,0,0,18,Europe
February,2,Cuba,0,0,0,0,Americas
February,2,Cyprus,0,0,0,0,Europe
February,2,Czechia,0,0,0,0,Europe
February,2,Denmark,5,0,0,5,Europe
February,2,Djibouti,0,0,0,0,Eastern Mediterranean
February,2,Dominica,0,0,0,0,Americas
February,2,Dominican Republic,0,0,0,0,Americas
February,2,Ecuador,0,0,0,0,Americas
February,2,Egypt,16,0,2,14,Eastern Mediterranean
February,2,El Salvador,0,0,0,0,Americas
February,2,Equatorial Guinea,0,0,0,0,Africa
February,2,Eritrea,0,0,0,0,Africa
February,2,Estonia,3,0,0,3,Europe
February,2,Eswatini,0,0,0,0,Africa
February,2,Ethiopia,0,0,0,0,Africa
February,2,Fiji,0,0,0,0,Western Pacific
February,2,Finland,34,0,18,16,Europe
February,2,France,466,19,102,345,Europe
February,2,Gabon,0,0,0,0,Africa
February,2,Gambia,0,0,0,0,Africa
February,2,Georgia,4,0,0,4,Europe
February,2,Germany,561,0,174,387,Europe
February,2,Ghana,0,0,0,0,Africa
February,2,Greece,12,0,0,12,Europe
February,2,Greenland,0,0,0,0,Europe
February,2,Grenada,0,0,0,0,Americas
February,2,Guatemala,0,0,0,0,Americas
February,2,Guinea,0,0,0,0,Africa
February,2,Guinea-Bissau,0,0,0,0,Africa
February,2,Guyana,0,0,0,0,Americas
February,2,Haiti,0,0,0,0,Americas
February,2,Holy See,0,0,0,0,Europe
February,2,Honduras,0,0,0,0,Americas
February,2,Hungary,0,0,0,0,Europe
February,2,Iceland,2,0,0,2,Europe
February,2,India,84,0,42,42,South-East Asia
February,2,Indonesia,0,0,0,0,South-East Asia
February,2,Iran,1617,171,294,1152,Eastern Mediterranean
February,2,Iraq,34,0,0,34,Eastern Mediterranean
February,2,Ireland,1,0,0,1,Europe
February,2,Israel,21,0,3,18,Europe
February,2,Italy,3966,102,145,3719,Europe
February,2,Jamaica,0,0,0,0,Americas
February,2,Japan,2418,40,342,2036,Western Pacific
February,2,Jordan,0,0,0,0,Eastern Mediterranean
February,2,Kazakhstan,0,0,0,0,Europe
February,2,Kenya,0,0,0,0,Africa
February,2,Kosovo,0,0,0,0,Europe
February,2,Kuwait,171,0,0,171,Eastern Mediterranean
February,2,Kyrgyzstan,0,0,0,0,Europe
February,2,Laos,0,0,0,0,Western Pacific
February,2,Latvia,0,0,0,0,Europe
February,2,Lebanon,15,0,0,15,Eastern Mediterranean
February,2,Lesotho,0,0,0,0,Africa
February,2,Liberia,0,0,0,0,Africa
February,2,Libya,0,0,0,0,Eastern Mediterranean
February,2,Liechtenstein,0,0,0,0,Europe
February,2,Lithuania,2,0,0,2,Europe
February,2,Luxembourg,1,0,0,1,Europe
February,2,Madagascar,0,0,0,0,Africa
February,2,Malawi,0,0,0,0,Africa
February,2,Malaysia,529,0,233,296,Western Pacific
February,2,Maldives,0,0,0,0,South-East Asia
February,2,Mali,0,0,0,0,Africa
February,2,Malta,0,0,0,0,Europe
February,2,Mauritania,0,0,0,0,Africa
February,2,Mauritius,0,0,0,0,Africa
February,2,Mexico,5,0,0,5,Americas
February,2,Moldova,0,0,0,0,Europe
February,2,Monaco,1,0,0,1,Europe
February,2,Mongolia,0,0,0,0,Western Pacific
February,2,Montenegro,0,0,0,0,Europe
February,2,Morocco,0,0,0,0,Eastern Mediterranean
February,2,Mozambique,0,0,0,0,Africa
February,2,Namibia,0,0,0,0,Africa
February,2,Nepal,29,0,18,11,South-East Asia
February,2,Netherlands,8,0,0,8,Europe
February,2,New Zealand,2,0,0,2,Western Pacific
February,2,Nicaragua,0,0,0,0,Americas
February,2,Niger,0,0,0,0,Africa
February,2,Nigeria,2,0,0,2,Africa
February,2,North Macedonia,4,0,0,4,Europe
February,2,Norway,23,0,0,23,Europe
February,2,Oman,22,0,1,21,Eastern Mediterranean
February,2,Pakistan,14,0,0,14,Eastern Mediterranean
February,2,Panama,0,0,0,0,Americas
February,2,Papua New Guinea,0,0,0,0,Western Pacific
February,2,Paraguay,0,0,0,0,Americas
February,2,Peru,0,0,0,0,Americas
February,2,Philippines,80,28,18,34,Western Pacific
February,2,Poland,0,0,0,0,Europe
February,2,Portugal,0,0,0,0,Europe
February,2,Qatar,1,0,0,1,Eastern Mediterranean
February,2,Romania,8,0,0,8,Europe
February,2,Russia,58,0,36,22,Europe
February,2,Rwanda,0,0,0,0,Africa
February,2,Saint Kitts and Nevis,0,0,0,0,Americas
February,2,Saint Lucia,0,0,0,0,Americas
February,2,Saint Vincent and the Grenadines,0,0,0,0,Americas
February,2,San Marino,3,0,0,3,Europe
February,2,Sao Tome and Principe,0,0,0,0,Africa
February,2,Saudi Arabia,0,0,0,0,Eastern Mediterranean
February,2,Senegal,0,0,0,0,Africa
February,2,Serbia,0,0,0,0,Europe
February,2,Seychelles,0,0,0,0,Africa
February,2,Sierra Leone,0,0,0,0,Africa
February,2,Singapore,1795,0,706,1089,Western Pacific
February,2,Slovakia,0,0,0,0,Europe
February,2,Slovenia,0,0,0,0,Europe
February,2,Somalia,0,0,0,0,Eastern Mediterranean
February,2,South Africa,0,0,0,0,Africa
February,2,South Korea,12128,83,283,11762,Western Pacific
February,2,South Sudan,0,0,0,0,Africa
February,2,Spain,151,0,30,121,Europe
February,2,Sri Lanka,29,0,22,7,South-East Asia
February,2,Sudan,0,0,0,0,Eastern Mediterranean
February,2,Suriname,0,0,0,0,Americas
February,2,Sweden,53,0,0,53,Europe
February,2,Switzerland,36,0,0,36,Europe
February,2,Syria,0,0,0,0,Eastern Mediterranean
February,2,Taiwan*,616,14,63,539,Western Pacific
February,2,Tajikistan,0,0,0,0,Europe
February,2,Tanzania,0,0,0,0,Africa
February,2,Thailand,932,0,393,539,South-East Asia
February,2,Timor-Leste,0,0,0,0,South-East Asia
February,2,Togo,0,0,0,0,Africa
February,2,Trinidad and Tobago,0,0,0,0,Americas
February,2,Tunisia,0,0,0,0,Eastern Mediterranean
February,2,Turkey,0,0,0,0,Europe
February,2,Uganda,0,0,0,0,Americas
February,2,Ukraine,0,0,0,0,Africa
February,2,United Arab Emirates,268,0,64,204,Europe
February,2,United Kingdom,606,0,116,490,Eastern Mediterranean
February,2,Uruguay,0,0,0,0,Europe
February,2,US,378,1,88,289,Americas
February,2,Uzbekistan,0,0,0,0,Europe
February,2,Venezuela,0,0,0,0,Americas
February,2,Vietnam,398,0,214,184,Western Pacific
February,2,West Bank and Gaza,0,0,0,0,Eastern Mediterranean
February,2,Western Sahara,0,0,0,0,Africa
February,2,Yemen,0,0,0,0,Eastern Mediterranean
February,2,Zambia,0,0,0,0,Africa
February,2,Zimbabwe,0,0,0,0,Africa
March,3,Afghanistan,1219,29,26,1164,Eastern Mediterranean
March,3,Albania,2232,91,241,1900,Europe
March,3,Algeria,4823,324,594,3905,Africa
March,3,Andorra,2787,39,37,2711,Europe
March,3,Angola,48,6,1,41,Africa
March,3,Antigua and Barbuda,61,0,0,61,Americas
March,3,Argentina,6529,158,875,5496,Americas
March,3,Armenia,4099,12,205,3882,Europe
March,3,Australia,35679,190,2307,33182,Western Pacific
March,3,Austria,84802,626,2883,81293,Europe
March,3,Azerbaijan,1928,37,211,1680,Europe
March,3,Bahamas,99,0,8,91,Americas
March,3,Bahrain,7765,41,3031,4693,Eastern Mediterranean
March,3,Bangladesh,546,49,131,366,South-East Asia
March,3,Barbados,255,0,0,255,Americas
March,3,Belarus,1465,1,340,1124,Europe
March,3,Belgium,89009,3145,9055,76809,Europe
March,3,Belize,18,0,0,18,Americas
March,3,Benin,68,0,1,67,Africa
March,3,Bhutan,46,0,0,46,South-East Asia
March,3,Bolivia,682,11,0,671,Americas
March,3,Bosnia and Herzegovina,2826,50,72,2704,Europe
March,3,Botswana,7,1,0,6,Africa
March,3,Brazil,37127,976,290,35861,Americas
March,3,Brunei,1688,4,169,1515,Western Pacific
March,3,Bulgaria,3576,71,92,3413,Europe
March,3,Burkina Faso,1901,86,161,1654,Africa
March,3,Burma,55,1,0,54,South-East Asia
March,3,Burundi,2,0,0,2,Africa
March,3,Cabo Verde,49,8,0,41,Africa
March,3,Cambodia,1225,0,136,1089,Western Pacific
March,3,Cameroon,1067,24,23,1020,Africa
March,3,Canada,51831,554,0,51277,Americas
March,3,Central African Republic,41,0,0,41,Africa
March,3,Chad,35,0,0,35,Africa
March,3,Chile,18796,50,580,18166,Americas
March,3,China,2515426,98488,1959975,456963,Western Pacific
March,3,Colombia,6190,68,109,6013,Americas
March,3,Comoros,0,0,0,0,Africa
March,3,Congo (Brazzaville),97,0,0,97,Africa
March,3,Congo (Kinshasa),642,41,10,591,Africa
March,3,Costa Rica,2987,24,29,2934,Americas
March,3,Cote d'Ivoire,1051,3,38,1010,Africa
March,3,Croatia,6404,36,355,6013,Europe
March,3,Cuba,1020,28,27,965,Americas
March,3,Cyprus,2089,41,106,1942,Europe
March,3,Czechia,25984,110,167,25707,Europe
March,3,Denmark,32638,542,466,31630,Europe
March,3,Djibouti,125,0,0,125,Eastern Mediterranean
March,3,Dominica,79,0,0,79,Americas
March,3,Dominican Republic,6140,220,27,5893,Americas
March,3,Ecuador,16469,423,84,15962,Americas
March,3,Egypt,7140,338,1407,5395,Eastern Mediterranean
March,3,El Salvador,156,1,0,155,Americas
March,3,Equatorial Guinea,130,0,1,129,Africa
March,3,Eritrea,65,0,0,65,Africa
March,3,Estonia,7350,14,131,7205,Europe
March,3,Eswatini,75,0,0,75,Africa
March,3,Ethiopia,203,0,16,187,Africa
March,3,Fiji,47,0,0,47,Western Pacific
March,3,Finland,13382,69,184,13129,Europe
March,3,France,410316,21330,52910,336076,Europe
March,3,Gabon,86,12,0,74,Africa
March,3,Gambia,35,9,0,26,Africa
March,3,Georgia,1256,0,129,1127,Europe
March,3,Germany,588179,3876,68067,516236,Europe
March,3,Ghana,1146,38,40,1068,Africa
March,3,Greece,13397,339,485,12573,Europe
March,3,Greenland,84,0,16,68,Europe
March,3,Grenada,52,0,0,52,Americas
March,3,Guatemala,333,16,54,263,Americas
March,3,Guinea,104,0,0,104,Africa
March,3,Guinea-Bissau,26,0,0,26,Africa
March,3,Guyana,141,21,0,120,Americas
March,3,Haiti,96,0,3,93,Americas
March,3,Holy See,58,0,0,58,Europe
March,3,Honduras,821,20,12,789,Americas
March,3,Hungary,3512,119,293,3100,Europe
March,3,Iceland,11298,27,1012,10259,Europe
March,3,India,10252,226,818,9208,South-East Asia
March,3,Indonesia,11971,989,571,10411,South-East Asia
March,3,Iran,525947,34200,172400,319347,Eastern Mediterranean
March,3,Iraq,6335,509,1471,4355,Eastern Mediterranean
March,3,Ireland,23308,296,75,22937,Europe
March,3,Israel,32665,94,1062,31509,Europe
March,3,Italy,1209772,116616,145571,947585,Europe
March,3,Jamaica,382,13,32,337,Americas
March,3,Japan,29049,892,5635,22522,Western Pacific
March,3,Jordan,2421,15,124,2282,Eastern Mediterranean
March,3,Kazakhstan,1936,10,86,1840,Europe
March,3,Kenya,370,6,7,357,Africa
March,3,Kosovo,548,6,10,532,Europe
March,3,Kuwait,4154,0,639,3515,Eastern Mediterranean
March,3,Kyrgyzstan,587,0,6,581,Europe
March,3,Laos,50,0,0,50,Western Pacific
March,3,Latvia,3277,0,22,3255,Europe
March,3,Lebanon,5177,110,257,4810,Eastern Mediterranean
March,3,Lesotho,0,0,0,0,Africa
March,3,Liberia,41,0,0,41,Africa
March,3,Libya,33,0,1,32,Eastern Mediterranean
March,3,Liechtenstein,694,0,204,490,Europe
March,3,Lithuania,3623,47,29,3547,Europe
March,3,Luxembourg,17209,162,270,16777,Europe
March,3,Madagascar,271,0,0,271,Africa
March,3,Malawi,0,0,0,0,Africa
March,3,Malaysia,27636,264,3659,23713,Western Pacific
March,3,Maldives,289,0,78,211,South-East Asia
March,3,Mali,106,5,0,101,Africa
March,3,Malta,1707,0,35,1672,Europe
March,3,Mauritania,46,2,6,38,Africa
March,3,Mauritius,841,26,0,815,Africa
March,3,Mexico,8124,136,157,7831,Americas
March,3,Moldova,2328,21,52,2255,Europe
March,3,Monaco,433,3,11,419,Europe
March,3,Mongolia,150,0,4,146,Western Pacific
March,3,Montenegro,702,10,0,692,Europe
March,3,Morocco,3758,192,112,3454,Eastern Mediterranean
March,3,Mozambique,56,0,0,56,Africa
March,3,Namibia,97,0,16,81,Africa
March,3,Nepal,56,0,31,25,South-East Asia
March,3,Netherlands,102010,5837,20,96153,Europe
March,3,New Zealand,3637,3,341,3293,Western Pacific
March,3,Nicaragua,33,5,0,28,Americas
March,3,Niger,119,11,0,108,Africa
March,3,Nigeria,843,11,39,793,Africa
March,3,North Macedonia,2469,40,49,2380,Europe
March,3,Norway,51448,234,78,51136,Europe
March,3,Oman,1700,1,359,1340,Eastern Mediterranean
March,3,Pakistan,17691,154,455,17082,Eastern Mediterranean
March,3,Panama,7317,136,25,7156,Americas
March,3,Papua New Guinea,12,0,0,12,Western Pacific
March,3,Paraguay,546,26,5,515,Americas
March,3,Peru,7702,142,518,7042,Americas
March,3,Philippines,11453,669,369,10415,Western Pacific
March,3,Poland,16224,213,94,15917,Europe
March,3,Portugal,46919,792,339,45788,Europe
March,3,Qatar,10292,5,501,9786,Eastern Mediterranean
March,3,Romania,14734,314,1474,12946,Europe
March,3,Russia,12224,54,568,11602,Europe
March,3,Rwanda,579,0,0,579,Africa
March,3,Saint Kitts and Nevis,25,0,0,25,Americas
March,3,Saint Lucia,66,0,5,61,Americas
March,3,Saint Vincent and the Grenadines,18,0,4,14,Americas
March,3,San Marino,3461,318,94,3049,Europe
March,3,Sao Tome and Principe,0,0,0,0,Africa
March,3,Saudi Arabia,12266,39,590,11637,Eastern Mediterranean
March,3,Senegal,1444,0,182,1262,Africa
March,3,Serbia,5865,71,38,5756,Europe
March,3,Seychelles,111,0,0,111,Africa
March,3,Sierra Leone,1,0,0,1,Africa
March,3,Singapore,11276,25,3825,7426,Western Pacific
March,3,Slovakia,3440,4,46,3390,Europe
March,3,Slovenia,8609,83,70,8456,Europe
March,3,Somalia,29,0,1,28,Eastern Mediterranean
March,3,South Africa,10173,12,183,9978,Africa
March,3,South Korea,244918,2606,53987,188325,Western Pacific
March,3,South Sudan,0,0,0,0,Africa
March,3,Spain,742546,54579,102904,585063,Europe
March,3,Sri Lanka,1471,6,102,1363,South-East Asia
March,3,Sudan,53,21,1,31,Eastern Mediterranean
March,3,Suriname,88,0,0,88,Americas
March,3,Sweden,43867,945,0,42922,Europe
March,3,Switzerland,155101,2566,9067,143468,Europe
March,3,Syria,52,5,0,47,Eastern Mediterranean
March,3,Taiwan*,3877,49,677,3151,Western Pacific
March,3,Tajikistan,0,0,0,0,Europe
March,3,Tanzania,163,1,5,157,Africa
March,3,Thailand,13480,72,1886,11522,South-East Asia
March,3,Timor-Leste,10,0,0,10,South-East Asia
March,3,Togo,278,5,21,252,Africa
March,3,Trinidad and Tobago,757,16,8,733,Americas
March,3,Tunisia,2476,64,19,2393,Eastern Mediterranean
March,3,Turkey,58776,976,674,57126,Europe
March,3,Uganda,211,0,0,211,Americas
March,3,Ukraine,3064,89,40,2935,Africa
March,3,United Arab Emirates,5515,32,835,4648,Europe
March,3,United Kingdom,283195,12484,1925,268786,Eastern Mediterranean
March,3,Uruguay,3023,4,41,2978,Europe
March,3,US,1091068,26160,19730,1045178,Americas
March,3,Uzbekistan,1062,9,31,1022,Europe
March,3,Venezuela,1296,11,262,1023,Americas
March,3,Vietnam,2514,0,604,1910,Western Pacific
March,3,West Bank and Gaza,1355,6,208,1141,Eastern Mediterranean
March,3,Western Sahara,0,0,0,0,Africa
March,3,Yemen,0,0,0,0,Eastern Mediterranean
March,3,Zambia,194,0,0,194,Africa
March,3,Zimbabwe,53,9,0,44,Africa
April,4,Afghanistan,27237,860,2927,23450,Eastern Mediterranean
April,4,Albania,15632,728,7902,7002,Europe
April,4,Algeria,69497,9197,24072,36228,Africa
April,4,Andorra,19106,917,5636,12553,Europe
April,4,Angola,601,60,129,412,Africa
April,4,Antigua and Barbuda,617,62,125,430,Americas
April,4,Argentina,77576,3482,19590,54504,Americas
April,4,Armenia,36511,527,12116,23868,Europe
April,4,Australia,188206,1817,91483,94906,Western Pacific
April,4,Austria,417242,11663,241616,163963,Europe
April,4,Azerbaijan,35353,429,16061,18863,Europe
April,4,Bahamas,1578,235,281,1062,Americas
April,4,Bahrain,48676,190,22965,25521,Eastern Mediterranean
April,4,Bangladesh,70283,2153,2059,66071,South-East Asia
April,4,Barbados,2071,122,531,1418,Americas
April,4,Belarus,150554,1171,18498,130885,Europe
April,4,Belgium,993613,132664,216946,644003,Europe
April,4,Belize,411,46,61,304,Americas
April,4,Benin,1178,25,486,667,Africa
April,4,Bhutan,167,0,73,94,South-East Asia
April,4,Bolivia,14801,887,938,12976,Americas
April,4,Bosnia and Herzegovina,33408,1272,9154,22982,Europe
April,4,Botswana,437,30,10,397,Africa
April,4,Brazil,1048506,66571,400893,581042,Americas
April,4,Brunei,4089,30,3069,990,Western Pacific
April,4,Bulgaria,25790,1111,3572,21107,Europe
April,4,Burkina Faso,15230,921,7840,6469,Africa
April,4,Burma,2408,110,178,2120,South-East Asia
April,4,Burundi,183,18,44,121,Africa
April,4,Cabo Verde,1423,30,30,1363,Africa
April,4,Cambodia,3583,0,2586,997,Western Pacific
April,4,Cameroon,30497,825,9186,20486,Africa
April,4,Canada,929498,40599,0,888899,Americas
April,4,Central African Republic,444,0,131,313,Africa
April,4,Chad,797,9,200,588,Africa
April,4,Chile,285413,3274,107500,174639,Americas
April,4,China,2500143,118290,2285997,95856,Western Pacific
April,4,Colombia,101704,4249,17078,80377,Americas
April,4,Comoros,1,0,0,1,Africa
April,4,Congo (Brazzaville),3419,157,296,2966,Africa
April,4,Congo (Kinshasa),8639,659,789,7191,Africa
April,4,Costa Rica,17866,122,3490,14254,Americas
April,4,Cote d'Ivoire,20934,226,6330,14378,Africa
April,4,Croatia,49646,1043,17337,31266,Europe
April,4,Cuba,25438,862,6691,17885,Americas
April,4,Cyprus,19846,354,2553,16939,Europe
April,4,Czechia,184001,4582,36091,143328,Europe
April,4,Denmark,203220,9093,105759,88368,Europe
April,4,Djibouti,16283,41,4672,11570,Eastern Mediterranean
April,4,Dominica,460,0,200,260,Americas
April,4,Dominican Republic,115932,5552,11513,98867,Americas
April,4,Ecuador,321161,12586,23439,285136,Americas
April,4,Egypt,83386,6017,20364,57005,Eastern Mediterranean
April,4,El Salvador,5333,181,1195,3957,Americas
April,4,Equatorial Guinea,2867,9,140,2718,Africa
April,4,Eritrea,1027,0,141,886,Africa
April,4,Estonia,41075,978,4090,36007,Europe
April,4,Eswatini,843,15,202,626,Africa
April,4,Ethiopia,2558,73,547,1938,Africa
April,4,Fiji,464,0,102,362,Western Pacific
April,4,Finland,99473,2863,37610,59000,Europe
April,4,France,3722152,486814,940782,2294556,Europe
April,4,Gabon,3106,45,428,2633,Africa
April,4,Gambia,233,30,96,107,Africa
April,4,Georgia,9767,104,2574,7089,Europe
April,4,Germany,3942925,115270,2191330,1636325,Europe
April,4,Ghana,24029,254,2230,21545,Africa
April,4,Greece,64317,3088,10949,50280,Europe
April,4,Greenland,327,0,280,47,Europe
April,4,Grenada,429,0,106,323,Americas
April,4,Guatemala,7312,205,775,6332,Americas
April,4,Guinea,15955,84,2773,13098,Africa
April,4,Guinea-Bissau,1515,5,98,1412,Africa
April,4,Guyana,1562,183,257,1122,Americas
April,4,Haiti,1365,92,56,1217,Americas
April,4,Holy See,247,0,46,201,Europe
April,4,Honduras,13307,1107,743,11457,Americas
April,4,Hungary,48858,4482,7014,37362,Europe
April,4,Iceland,50142,234,31468,18440,Europe
April,4,India,447607,14417,85811,347379,South-East Asia
April,4,Indonesia,164969,14067,18115,132787,South-East Asia
April,4,Iran,2255837,141323,1432550,681964,Eastern Mediterranean
April,4,Iraq,42494,2275,24096,16123,Eastern Mediterranean
April,4,Ireland,365860,16660,101388,247812,Europe
April,4,Israel,360925,3960,99262,257703,Europe
April,4,Italy,4928524,644171,1266518,3017835,Europe
April,4,Jamaica,5011,147,564,4300,Americas
April,4,Japan,264160,6828,32485,224847,Western Pacific
April,4,Jordan,11816,200,6830,4786,Eastern Mediterranean
April,4,Kazakhstan,46219,442,9719,36058,Europe
April,4,Kenya,7263,297,1604,5362,Africa
April,4,Kosovo,13085,329,2886,9870,Europe
April,4,Kuwait,51368,234,11774,39360,Eastern Mediterranean
April,4,Kyrgyzstan,13260,154,4726,8380,Europe
April,4,Laos,503,0,69,434,Western Pacific
April,4,Latvia,20149,185,3062,16902,Europe
April,4,Lebanon,18944,616,2831,15497,Eastern Mediterranean
April,4,Lesotho,0,0,0,0,Africa
April,4,Liberia,2056,202,353,1501,Africa
April,4,Libya,1180,38,300,842,Eastern Mediterranean
April,4,Liechtenstein,2372,27,2133,212,Europe
April,4,Lithuania,33484,845,6285,26354,Europe
April,4,Luxembourg,99317,1943,33583,63791,Europe
April,4,Madagascar,3143,0,1016,2127,Africa
April,4,Malawi,528,53,56,419,Africa
April,4,Malaysia,145040,2393,76354,66293,Western Pacific
April,4,Maldives,2519,2,449,2068,South-East Asia
April,4,Mali,5898,382,1424,4092,Africa
April,4,Malta,11099,71,3331,7697,Europe
April,4,Mauritania,204,30,108,66,Africa
April,4,Mauritius,8914,255,3993,4666,Africa
April,4,Mexico,229514,19390,94466,115658,Americas
April,4,Moldova,62717,1591,11148,49978,Europe
April,4,Monaco,2606,70,595,1941,Europe
April,4,Mongolia,784,0,171,613,Western Pacific
April,4,Montenegro,8188,122,2018,6048,Europe
April,4,Morocco,71867,3613,9521,58733,Eastern Mediterranean
April,4,Mozambique,1062,0,0,1062,Africa
April,4,Namibia,472,0,143,329,Africa
April,4,Nepal,792,0,153,639,South-East Asia
April,4,Netherlands,847455,94860,1810,750785,Europe
April,4,New Zealand,38859,272,20597,17990,Western Pacific
April,4,Nicaragua,269,51,112,106,Americas
April,4,Niger,15083,511,4307,10265,Africa
April,4,Nigeria,19506,574,4039,14893,Africa
April,4,North Macedonia,29086,1283,5898,21905,Europe
April,4,Norway,200308,4258,941,195109,Europe
April,4,Oman,32202,164,5647,26391,Eastern Mediterranean
April,4,Pakistan,246405,4893,51866,189646,Eastern Mediterranean
April,4,Panama,112687,3087,4645,104955,Americas
April,4,Papua New Guinea,139,0,0,139,Western Pacific
April,4,Paraguay,5046,204,1240,3602,Americas
April,4,Peru,410944,11056,138147,261741,Americas
April,4,Philippines,163684,10091,13116,140477,Western Pacific
April,4,Poland,235230,9321,31234,194675,Europe
April,4,Portugal,533042,18022,18509,496511,Europe
April,4,Qatar,156835,215,15075,141545,Eastern Mediterranean
April,4,Romania,222963,11630,47500,163833,Europe
April,4,Russia,1129437,10123,96017,1023297,Europe
April,4,Rwanda,4265,0,1482,2783,Africa
April,4,Saint Kitts and Nevis,385,0,24,361,Americas
April,4,Saint Lucia,442,0,246,196,Americas
April,4,Saint Vincent and the Grenadines,329,0,75,254,Americas
April,4,San Marino,12054,1094,1543,9417,Europe
April,4,Sao Tome and Principe,118,0,12,106,Africa
April,4,Saudi Arabia,262096,2487,38790,220819,Eastern Mediterranean
April,4,Senegal,12025,118,5624,6283,Africa
April,4,Serbia,149995,3059,14395,132541,Europe
April,4,Seychelles,325,0,78,247,Africa
April,4,Sierra Leone,1108,28,119,961,Africa
April,4,Singapore,188949,282,20458,168209,Western Pacific
April,4,Slovakia,28263,260,5372,22631,Europe
April,4,Slovenia,36605,1746,4758,30101,Europe
April,4,Somalia,5314,246,154,4914,Eastern Mediterranean
April,4,South Africa,88044,1363,23586,63095,Africa
April,4,South Korea,315431,6533,228263,80635,Western Pacific
April,4,South Sudan,191,0,0,191,Africa
April,4,Spain,5236777,548160,2067154,2621463,Europe
April,4,Sri Lanka,9067,193,2279,6595,South-East Asia
April,4,Sudan,3009,282,274,2453,Eastern Mediterranean
April,4,Suriname,300,28,136,136,Americas
April,4,Sweden,378163,39340,0,338823,Europe
April,4,Switzerland,767858,36069,441116,290673,Europe
April,4,Syria,921,72,0,849,Eastern Mediterranean
April,4,Taiwan*,11888,171,4779,6938,Western Pacific
April,4,Tajikistan,15,0,0,15,Europe
April,4,Tanzania,4575,171,732,3672,Africa
April,4,Thailand,77151,1182,48338,27631,South-East Asia
April,4,Timor-Leste,365,0,0,365,South-East Asia
April,4,Togo,2313,133,1204,976,Africa
April,4,Trinidad and Tobago,3315,229,723,2363,Americas
April,4,Tunisia,23056,940,2967,19149,Eastern Mediterranean
April,4,Turkey,2098207,49592,376670,1671945,Europe
April,4,Uganda,1797,0,633,1164,Americas
April,4,Ukraine,137421,3623,10140,123658,Africa
April,4,United Arab Emirates,175824,1170,31296,143358,Europe
April,4,United Kingdom,3328344,456808,14880,2856656,Eastern Mediterranean
April,4,Uruguay,15144,280,7760,7104,Europe
April,4,US,19552582,1035013,1747977,16769592,Americas
April,4,Uzbekistan,35053,144,9249,25660,Europe
April,4,Venezuela,6845,266,3023,3556,Americas
April,4,Vietnam,7778,0,5006,2772,Western Pacific
April,4,West Bank and Gaza,8597,51,1707,6839,Eastern Mediterranean
April,4,Western Sahara,142,0,40,102,Africa
April,4,Yemen,31,2,7,22,Eastern Mediterranean
April,4,Zambia,1754,62,800,892,Africa
April,4,Zimbabwe,618,86,42,490,Africa
May,5,Afghanistan,225655,4994,24129,196532,Eastern Mediterranean
May,5,Albania,28873,975,21760,6138,Europe
May,5,Algeria,211394,16901,109804,84689,Africa
May,5,Andorra,23498,1518,18505,3475,Europe
May,5,Angola,1639,85,466,1088,Africa
May,5,Antigua and Barbuda,776,93,561,122,Americas
May,5,Argentina,275556,11562,84929,179065,Americas
May,5,Armenia,151445,2012,63541,85892,Europe
May,5,Australia,217625,3071,195488,19066,Western Pacific
May,5,Austria,500479,19474,447388,33617,Europe
May,5,Azerbaijan,101560,1227,65682,34651,Europe
May,5,Bahamas,2933,341,1201,1391,Americas
May,5,Bahrain,210502,349,100507,109646,Eastern Mediterranean
May,5,Bangladesh,731311,10746,139045,581520,South-East Asia
May,5,Barbados,2697,217,1939,541,Americas
May,5,Belarus,888892,4986,302001,581905,Europe
May,5,Belgium,1688377,273995,439785,974597,Europe
May,5,Belize,558,62,485,11,Americas
May,5,Benin,6566,73,2441,4052,Africa
May,5,Bhutan,561,0,166,395,South-East Asia
May,5,Bolivia,137671,5482,14032,118157,Americas
May,5,Bosnia and Herzegovina,68816,3748,41574,23494,Europe
May,5,Botswana,843,31,470,342,Africa
May,5,Brazil,7944285,509030,3206734,4228521,Americas
May,5,Brunei,4354,36,4158,160,Western Pacific
May,5,Bulgaria,65828,3285,19087,43456,Europe
May,5,Burkina Faso,24013,1555,19258,3200,Africa
May,5,Burma,5780,186,2799,2795,South-East Asia
May,5,Burundi,889,31,430,428,Africa
May,5,Cabo Verde,9336,83,2731,6522,Africa
May,5,Cambodia,3804,0,3760,44,Western Pacific
May,5,Cameroon,109504,4122,51653,53729,Africa
May,5,Canada,2369286,174037,0,2195249,Americas
May,5,Central African Republic,11339,10,463,10866,Africa
May,5,Chad,14051,1345,5006,7700,Africa
May,5,Chile,1763115,15833,642471,1104811,Americas
May,5,China,2605281,143763,2405534,55984,Western Pacific
May,5,Colombia,492214,17976,118612,355626,Americas
May,5,Comoros,1116,31,257,828,Africa
May,5,Congo (Brazzaville),12105,427,2852,8826,Africa
May,5,Congo (Kinshasa),48228,1628,7137,39463,Africa
May,5,Costa Rica,26697,260,16677,9760,Americas
May,5,Cote d'Ivoire,63068,772,30636,31660,Africa
May,5,Croatia,68134,2877,57173,8084,Europe
May,5,Cuba,56950,2389,42619,11942,Americas
May,5,Cyprus,28209,506,15455,12248,Europe
May,5,Czechia,262979,9018,162452,91509,Europe
May,5,Denmark,338468,16639,280499,41330,Europe
May,5,Djibouti,54254,244,29946,24064,Eastern Mediterranean
May,5,Dominica,496,0,467,29,Americas
May,5,Dominican Republic,376401,12982,160836,202583,Americas
May,5,Ecuador,1029314,76863,210913,741538,Americas
May,5,Egypt,403993,19547,103095,281351,Eastern Mediterranean
May,5,El Salvador,41262,809,15244,25209,Americas
May,5,Equatorial Guinea,21842,219,2079,19544,Africa
May,5,Eritrea,1209,0,1120,89,Africa
May,5,Estonia,55005,1903,30002,23100,Europe
May,5,Eswatini,6137,57,2454,3626,Africa
May,5,Ethiopia,12773,159,3842,8772,Africa
May,5,Fiji,558,0,449,109,Western Pacific
May,5,Finland,190615,8784,138200,43631,Europe
May,5,France,5548657,845222,1865205,2838230,Europe
May,5,Gabon,40885,320,9537,31028,Africa
May,5,Gambia,680,31,387,262,Africa
May,5,Georgia,20931,339,12544,8048,Europe
May,5,Germany,5427815,242992,4664012,520811,Europe
May,5,Ghana,164583,820,40447,123316,Africa
May,5,Greece,86384,4958,42594,38832,Europe
May,5,Greenland,354,0,341,13,Europe
May,5,Grenada,674,0,464,210,Americas
May,5,Guatemala,67102,1318,6865,58919,Americas
May,5,Guinea,80843,472,35639,44732,Africa
May,5,Guinea-Bissau,26923,133,986,25804,Africa
May,5,Guyana,3617,315,1396,1906,Americas
May,5,Haiti,18500,655,583,17262,Americas
May,5,Holy See,367,0,62,305,Europe
May,5,Honduras,86306,4322,9598,72386,Americas
May,5,Hungary,106717,13618,40173,52926,Europe
May,5,Iceland,55864,310,54923,631,Europe
May,5,India,3088494,94154,1216954,1777386,South-East Asia
May,5,Indonesia,546175,35759,124915,385501,South-East Asia
May,5,Iran,3727988,215665,2942787,569536,Eastern Mediterranean
May,5,Iraq,112314,4085,68237,39992,Eastern Mediterranean
May,5,Ireland,730677,46680,580855,103142,Europe
May,5,Israel,514060,8164,390121,115775,Europe
May,5,Italy,6914863,973585,3706270,2235008,Europe
May,5,Jamaica,16083,277,4503,11303,Americas
May,5,Japan,496484,23070,300186,173228,Western Pacific
May,5,Jordan,18801,278,13359,5164,Eastern Mediterranean
May,5,Kazakhstan,202761,1024,93679,108058,Europe
May,5,Kenya,29773,1314,9426,19033,Africa
May,5,Kosovo,29354,869,20504,7981,Europe
May,5,Kuwait,445816,3288,143650,298878,Eastern Mediterranean
May,5,Kyrgyzstan,36450,407,25115,10928,Europe
May,5,Laos,589,0,400,189,Western Pacific
May,5,Latvia,30402,613,18441,11348,Europe
May,5,Lebanon,29199,799,12119,16281,Eastern Mediterranean
May,5,Lesotho,29,0,4,25,Africa
May,5,Liberia,6898,687,3320,2891,Africa
May,5,Libya,2340,102,991,1247,Eastern Mediterranean
May,5,Liechtenstein,2542,31,2506,5,Europe
May,5,Lithuania,47573,1744,29395,16434,Europe
May,5,Luxembourg,121711,3228,112731,5752,Europe
May,5,Madagascar,10795,39,3762,6994,Africa
May,5,Malawi,2747,101,748,1898,Africa
May,5,Malaysia,214779,3443,167455,43881,Western Pacific
May,5,Maldives,32674,108,3031,29535,South-East Asia
May,5,Mali,26486,1544,14042,10900,Africa
May,5,Malta,16920,181,13966,2773,Europe
May,5,Mauritania,4057,182,292,3583,Africa
May,5,Mauritius,10311,310,9938,63,Africa
May,5,Mexico,1560343,165485,1048045,346813,Americas
May,5,Moldova,183842,6349,81818,95675,Europe
May,5,Monaco,2993,124,2657,212,Europe
May,5,Mongolia,3109,0,721,2388,Western Pacific
May,5,Montenegro,10037,269,9128,640,Europe
May,5,Morocco,203338,5918,107307,90113,Eastern Mediterranean
May,5,Mozambique,4381,11,0,4370,Africa
May,5,Namibia,554,0,365,189,Africa
May,5,Nepal,13506,58,2137,11311,South-East Asia
May,5,Netherlands,1356964,173232,4853,1178879,Europe
May,5,New Zealand,46429,652,43628,2149,Western Pacific
May,5,Nicaragua,6802,436,3739,2627,Americas
May,5,Niger,26985,1596,21171,4218,Africa
May,5,Nigeria,180866,5475,45752,129639,Africa
May,5,North Macedonia,55465,3164,38840,13461,Europe
May,5,Norway,253969,7048,77942,168979,Europe
May,5,Oman,169194,774,46072,122348,Eastern Mediterranean
May,5,Pakistan,1316336,28177,400437,887722,Eastern Mediterranean
May,5,Panama,296760,8266,153714,134780,Americas
May,5,Papua New Guinea,248,0,224,24,Western Pacific
May,5,Paraguay,22319,329,7381,14609,Americas
May,5,Peru,2852556,81546,1053575,1717435,Americas
May,5,Philippines,386438,24374,77416,284648,Western Pacific
May,5,Poland,568704,27459,224239,317006,Europe
May,5,Portugal,891512,37567,233013,620932,Europe
May,5,Qatar,1004693,576,221977,782140,Eastern Mediterranean
May,5,Romania,507655,32626,279385,195644,Europe
May,5,Russia,8257093,82313,2281612,5893168,Europe
May,5,Rwanda,9340,2,5732,3606,Africa
May,5,Saint Kitts and Nevis,465,0,416,49,Americas
May,5,Saint Lucia,556,0,534,22,Americas
May,5,Saint Vincent and the Grenadines,567,0,372,195,Americas
May,5,San Marino,19843,1280,6084,12479,Europe
May,5,Sao Tome and Principe,7624,213,508,6903,Africa
May,5,Saudi Arabia,1660260,9632,834277,816351,Eastern Mediterranean
May,5,Senegal,72254,773,31314,40167,Africa
May,5,Serbia,324948,6909,129723,188316,Europe
May,5,Seychelles,341,0,298,43,Africa
May,5,Sierra Leone,14797,869,5060,8868,Africa
May,5,Singapore,824865,655,275276,548934,Western Pacific
May,5,Slovakia,45753,832,33099,11822,Europe
May,5,Slovenia,45272,3191,23158,18923,Europe
May,5,Somalia,40774,1679,5112,33983,Eastern Mediterranean
May,5,South Africa,497374,9779,234252,253343,Africa
May,5,South Korea,342959,8104,305875,28980,Western Pacific
May,5,South Sudan,12050,116,103,11831,Africa
May,5,Spain,7102653,834880,4352063,1915710,Europe
May,5,Sri Lanka,31986,279,14754,16953,South-East Asia
May,5,Sudan,74962,3524,10600,60838,Eastern Mediterranean
May,5,Suriname,342,31,277,34,Americas
May,5,Sweden,911921,110620,0,801301,Europe
May,5,Switzerland,943988,57753,836900,49335,Europe
May,5,Syria,2083,104,0,1979,Eastern Mediterranean
May,5,Taiwan*,13625,207,11844,1574,Western Pacific
May,5,Tajikistan,51539,915,16893,33731,Europe
May,5,Tanzania,15576,616,5561,9399,Africa
May,5,Thailand,93701,1730,88276,3695,South-East Asia
May,5,Timor-Leste,744,0,0,744,South-East Asia
May,5,Togo,8434,346,3615,4473,Africa
May,5,Trinidad and Tobago,3598,248,3244,106,Americas
May,5,Tunisia,32212,1414,23160,7638,Eastern Mediterranean
May,5,Turkey,4521709,124363,3146528,1250818,Europe
May,5,Uganda,5937,0,1911,4026,Americas
May,5,Ukraine,543592,15181,152874,375537,Africa
May,5,United Arab Emirates,718686,6431,288124,424131,Europe
May,5,United Kingdom,7016710,1055051,32790,5928869,Eastern Mediterranean
May,5,Uruguay,22718,606,17353,4759,Europe
May,5,US,45407574,2728676,8720047,33958851,Americas
May,5,Uzbekistan,85596,363,66244,18989,Europe
May,5,Venezuela,22391,325,7210,14856,Americas
May,5,Vietnam,9465,0,7882,1583,Western Pacific
May,5,West Bank and Gaza,12240,71,8724,3445,Eastern Mediterranean
May,5,Western Sahara,210,6,176,28,Africa
May,5,Yemen,4115,790,144,3181,Eastern Mediterranean
May,5,Zambia,18622,188,8376,10058,Africa
May,5,Zimbabwe,1871,124,470,1277,Africa
June,6,Afghanistan,750884,14907,184768,551209,Eastern Mediterranean
June,6,Albania,50880,1221,32742,16917,Europe
June,6,Algeria,337819,23600,233399,80820,Africa
June,6,Andorra,25511,1545,23239,727,Europe
June,6,Angola,4660,210,1668,2782,Africa
June,6,Antigua and Barbuda,1026,90,629,307,Americas
June,6,Argentina,1091252,26775,335157,729320,Americas
June,6,Armenia,520967,8745,222445,289777,Europe
June,6,Australia,222611,3075,205100,14436,Western Pacific
June,6,Austria,515592,20495,481557,13540,Europe
June,6,Azerbaijan,326549,3939,180444,142166,Europe
June,6,Bahamas,3100,330,2124,646,Americas
June,6,Bahrain,575360,1441,413158,160761,Eastern Mediterranean
June,6,Bangladesh,2836656,37194,943347,1856115,South-East Asia
June,6,Barbados,2860,210,2515,135,Americas
June,6,Belarus,1626878,9483,955147,662248,Europe
June,6,Belgium,1801706,289543,496435,1015728,Europe
June,6,Belize,633,60,497,76,Americas
June,6,Benin,17757,264,6793,10700,Africa
June,6,Bhutan,1897,0,718,1179,South-East Asia
June,6,Bolivia,614758,20104,127986,466668,Americas
June,6,Bosnia and Herzegovina,95167,5006,64619,25542,Europe
June,6,Botswana,2211,30,727,1454,Africa
June,6,Brazil,28161222,1353392,14780735,12027095,Americas
June,6,Brunei,4230,75,4140,15,Western Pacific
June,6,Bulgaria,105731,5500,56205,44026,Europe
June,6,Burkina Faso,27120,1590,23827,1703,Africa
June,6,Burma,8018,180,5413,2425,South-East Asia
June,6,Burundi,3219,30,2008,1181,Africa
June,6,Cabo Verde,23482,218,11083,12181,Africa
June,6,Cambodia,3885,0,3772,113,Western Pacific
June,6,Cameroon,295083,7717,193759,93607,Africa
June,6,Canada,3016042,245820,0,2770222,Americas
June,6,Central African Republic,70765,559,10142,60064,Africa
June,6,Chad,25427,2155,21365,1907,Africa
June,6,Chile,6291295,101418,4792545,1397332,Americas
June,6,China,2532679,139165,2337664,55850,Western Pacific
June,6,Colombia,1745908,57268,669011,1019629,Americas
June,6,Comoros,5961,117,3403,2441,Africa
June,6,Congo (Brazzaville),25460,832,9695,14933,Africa
June,6,Congo (Kinshasa),152518,3414,21195,127909,Africa
June,6,Costa Rica,58319,356,27768,30195,Americas
June,6,Cote d'Ivoire,176994,1443,79527,96024,Africa
June,6,Croatia,70331,3178,63977,3176,Europe
June,6,Cuba,67429,2527,59906,4996,Americas
June,6,Cyprus,29366,548,24396,4422,Europe
June,6,Czechia,307889,10017,218370,79502,Europe
June,6,Denmark,372978,17867,338303,16808,Europe
June,6,Djibouti,132173,1210,92109,38854,Eastern Mediterranean
June,6,Dominica,538,0,506,32,Americas
June,6,Dominican Republic,721962,18404,418221,285337,Americas
June,6,Ecuador,1429745,118831,702114,608800,Americas
June,6,Egypt,1406847,54759,374233,977855,Eastern Mediterranean
June,6,El Salvador,122784,2638,64224,55922,Americas
June,6,Equatorial Guinea,46572,660,10725,35187,Africa
June,6,Eritrea,3083,0,1240,1843,Africa
June,6,Estonia,58725,2068,51856,4801,Europe
June,6,Eswatini,15782,150,8209,7423,Africa
June,6,Ethiopia,106607,1683,27836,77088,Africa
June,6,Fiji,540,0,531,9,Western Pacific
June,6,Finland,212396,9750,184300,18346,Europe
June,6,France,5849444,883613,2193201,2772630,Europe
June,6,Gabon,120239,878,44019,75342,Africa
June,6,Gambia,1016,41,702,273,Africa
June,6,Georgia,25966,410,21537,4019,Europe
June,6,Germany,5670762,264281,5179784,226697,Europe
June,6,Ghana,370733,2018,199471,169244,Africa
June,6,Greece,94867,5567,41220,48080,Europe
June,6,Greenland,390,0,384,6,Europe
June,6,Grenada,690,0,657,33,Americas
June,6,Guatemala,329549,12749,61674,255126,Americas
June,6,Guinea,139077,779,99623,38675,Africa
June,6,Guinea-Bissau,44361,462,5036,38863,Africa
June,6,Guyana,5398,360,2855,2183,Americas
June,6,Haiti,130370,2233,5811,122326,Americas
June,6,Holy See,360,0,310,50,Europe
June,6,Honduras,317671,10175,33828,273668,Americas
June,6,Hungary,121673,16819,73994,30860,Europe
June,6,Iceland,54362,300,53864,198,Europe
June,6,India,10951713,331856,5916008,4703849,South-East Asia
June,6,Indonesia,1211857,66560,461691,683606,South-East Asia
June,6,Iran,5749446,273942,4589823,885681,Eastern Mediterranean
June,6,Iraq,731904,25196,330211,376497,Eastern Mediterranean
June,6,Ireland,758939,51089,684384,23466,Europe
June,6,Israel,599461,9082,469463,120916,Europe
June,6,Italy,7115232,1028841,5284972,801419,Europe
June,6,Jamaica,19058,298,13537,5223,Americas
June,6,Japan,525609,28137,466796,30676,Western Pacific
June,6,Jordan,28514,270,20949,7295,Eastern Mediterranean
June,6,Kazakhstan,476607,2941,287521,186145,Europe
June,6,Kenya,118824,3215,38902,76707,Africa
June,6,Kosovo,48328,1019,29450,17859,Europe
June,6,Kuwait,1106772,8890,800378,297504,Eastern Mediterranean
June,6,Kyrgyzstan,87845,973,53899,32973,Europe
June,6,Laos,570,0,558,12,Western Pacific
June,6,Latvia,32971,835,25584,6552,Europe
June,6,Lebanon,44582,934,27907,15741,Eastern Mediterranean
June,6,Lesotho,272,0,68,204,Africa
June,6,Liberia,15416,962,6947,7507,Africa
June,6,Libya,14275,316,2820,11139,Eastern Mediterranean
June,6,Liechtenstein,2460,31,2430,-1,Europe
June,6,Lithuania,52842,2242,42265,8335,Europe
June,6,Luxembourg,122950,3300,117846,1804,Europe
June,6,Madagascar,42217,356,14793,27068,Africa
June,6,Malawi,19374,223,3835,15316,Africa
June,6,Malaysia,252725,3576,225307,23842,Western Pacific
June,6,Maldives,62485,235,41382,20868,South-East Asia
June,6,Mali,53905,3041,33394,17470,Africa
June,6,Malta,19477,270,18142,1065,Europe
June,6,Mauritania,67050,2572,17255,47223,Africa
June,6,Mauritius,10136,300,9744,92,Africa
June,6,Mexico,4692440,562682,3479273,650485,Americas
June,6,Moldova,370715,12597,208210,149908,Europe
June,6,Monaco,3000,120,2804,76,Europe
June,6,Mongolia,6073,0,3505,2568,Western Pacific
June,6,Montenegro,10921,277,9450,1194,Europe
June,6,Morocco,284411,6388,235475,42548,Eastern Mediterranean
June,6,Mozambique,17887,104,0,17783,Africa
June,6,Namibia,1843,0,559,1284,Africa
June,6,Nepal,210352,569,41128,168655,South-East Asia
June,6,Netherlands,1467698,182259,5295,1280144,Europe
June,6,New Zealand,45317,660,44470,187,Western Pacific
June,6,Nicaragua,49303,1791,28201,19311,Americas
June,6,Niger,30260,1982,26754,1524,Africa
June,6,Nigeria,521195,13324,175349,332522,Africa
June,6,North Macedonia,127852,6176,55824,65852,Europe
June,6,Norway,259993,7290,242907,9796,Europe
June,6,Oman,752585,3322,332884,416379,Eastern Mediterranean
June,6,Pakistan,4450339,88853,1738886,2622600,Eastern Mediterranean
June,6,Panama,671302,14003,386996,270303,Americas
June,6,Papua New Guinea,261,0,240,21,Western Pacific
June,6,Paraguay,41461,372,22255,18834,Americas
June,6,Peru,6934846,210384,3610879,3113583,Americas
June,6,Philippines,813411,33051,198564,581796,Western Pacific
June,6,Poland,890824,38238,461948,390638,Europe
June,6,Portugal,1120468,45356,703225,371887,Europe
June,6,Qatar,2393921,2366,1762241,629314,Eastern Mediterranean
June,6,Romania,680012,43273,482310,154429,Europe
June,6,Russia,16097579,215268,8852843,7029468,Europe
June,6,Rwanda,18926,59,10225,8642,Africa
June,6,Saint Kitts and Nevis,450,0,450,0,Americas
June,6,Saint Lucia,567,0,547,20,Americas
June,6,Saint Vincent and the Grenadines,834,0,705,129,Americas
June,6,San Marino,20723,1260,16373,3090,Europe
June,6,Sao Tome and Principe,18865,367,4717,13781,Africa
June,6,Saudi Arabia,4063590,31522,2769372,1262696,Eastern Mediterranean
June,6,Senegal,157369,2115,100053,55201,Africa
June,6,Serbia,377220,7697,329045,40478,Europe
June,6,Seychelles,534,0,330,204,Africa
June,6,Sierra Leone,35399,1565,21394,12440,Africa
June,6,Singapore,1210239,763,919554,289922,Western Pacific
June,6,Slovakia,47133,840,42629,3664,Europe
June,6,Slovenia,45374,3276,40961,1137,Europe
June,6,Somalia,77531,2587,19214,55730,Eastern Mediterranean
June,6,South Africa,2421471,48178,1269120,1104173,Africa
June,6,South Korea,365805,8337,325244,32224,Western Pacific
June,6,South Sudan,49168,780,3081,45307,Africa
June,6,Spain,7331192,828405,4511280,1991507,Europe
June,6,Sri Lanka,57101,330,38546,18225,South-East Asia
June,6,Sudan,225246,13743,84825,126678,Eastern Mediterranean
June,6,Suriname,7377,167,2207,5003,Americas
June,6,Sweden,1598371,148005,0,1450366,Europe
June,6,Switzerland,935609,58301,865400,11908,Europe
June,6,Syria,5546,202,0,5344,Eastern Mediterranean
June,6,Taiwan*,13341,210,12967,164,Western Pacific
June,6,Tajikistan,152296,1501,103342,47453,Europe
June,6,Tanzania,15270,630,5490,9150,Africa
June,6,Thailand,93992,1739,90049,2204,South-East Asia
June,6,Timor-Leste,720,0,0,720,South-East Asia
June,6,Togo,16202,397,9552,6253,Africa
June,6,Trinidad and Tobago,3629,240,3267,122,Americas
June,6,Tunisia,33677,1482,30002,2193,Eastern Mediterranean
June,6,Turkey,5429570,145450,4558677,725443,Europe
June,6,Uganda,21150,0,11538,9612,Americas
June,6,Ukraine,1011298,27975,455428,527895,Africa
June,6,United Arab Emirates,1274693,8767,844036,421890,Europe
June,6,United Kingdom,8213357,1258183,38818,6916356,Eastern Mediterranean
June,6,Uruguay,25962,726,23361,1875,Europe
June,6,US,64933835,3518537,17434297,43981001,Americas
June,6,Uzbekistan,168606,564,122006,46036,Europe
June,6,Venezuela,101886,880,25021,75985,Americas
June,6,Vietnam,10196,0,9611,585,Western Pacific
June,6,West Bank and Gaza,25938,99,12527,13312,Eastern Mediterranean
June,6,Western Sahara,279,30,216,33,Africa
June,6,Yemen,23264,5932,5661,11671,Eastern Mediterranean
June,6,Zambia,40038,372,32784,6882,Africa
June,6,Zimbabwe,12096,142,2113,9841,Africa
July,7,Afghanistan,931389,28308,586390,316691,Eastern Mediterranean
July,7,Albania,99085,2693,56232,40160,Europe
July,7,Algeria,556217,27950,388028,140239,Africa
July,7,Andorra,23502,1404,21657,441,Europe
July,7,Angola,15714,717,4309,10688,Africa
July,7,Antigua and Barbuda,2007,81,1285,641,Americas
July,7,Argentina,2999745,55772,1239473,1704500,Americas
July,7,Armenia,874151,15793,559175,299183,Europe
July,7,Australia,295657,3234,217351,75072,Western Pacific
July,7,Austria,516852,19132,464936,32784,Europe
July,7,Azerbaijan,669327,8650,441004,219673,Europe
July,7,Bahamas,4390,297,2433,1660,Americas
July,7,Bahrain,912736,3094,795126,114516,Eastern Mediterranean
July,7,Bangladesh,5115933,65491,2630120,2420322,South-East Asia
July,7,Barbados,2769,189,2459,121,Americas
July,7,Belarus,1758968,12750,1495939,250279,Europe
July,7,Belgium,1708385,264332,465258,978795,Europe
July,7,Belize,1016,54,575,387,Americas
July,7,Benin,38837,733,16190,21914,Africa
July,7,Bhutan,2300,0,1881,419,South-East Asia
July,7,Bolivia,1402439,51548,428697,922194,Americas
July,7,Bosnia and Herzegovina,196417,6297,91737,98383,Europe
July,7,Botswana,11808,28,1084,10696,Africa
July,7,Brazil,52333822,2008065,36104221,14221536,Americas
July,7,Brunei,3807,81,3726,0,Western Pacific
July,7,Bulgaria,209797,7687,103665,98445,Europe
July,7,Burkina Faso,27889,1431,23790,2668,Africa
July,7,Burma,8927,162,7086,1679,South-East Asia
July,7,Burundi,7058,27,4879,2152,Africa
July,7,Cabo Verde,48442,515,24409,23518,Africa
July,7,Cambodia,4548,0,3645,903,Western Pacific
July,7,Cameroon,408666,9666,334320,64680,Africa
July,7,Canada,2989648,238556,0,2751092,Americas
July,7,Central African Republic,116070,1441,32582,82047,Africa
July,7,Chad,23916,2014,21488,414,Africa
July,7,Chile,8577021,201905,7749497,625619,Americas
July,7,China,2305596,125401,2116856,63339,Western Pacific
July,7,Colombia,4547106,156964,2019001,2371141,Americas
July,7,Comoros,8745,189,7813,743,Africa
July,7,Congo (Brazzaville),60528,1280,16289,42959,Africa
July,7,Congo (Kinshasa),217577,5146,105942,106489,Africa
July,7,Costa Rica,241282,1275,68678,171329,Americas
July,7,Cote d'Ivoire,349015,2273,192837,153905,Africa
July,7,Croatia,104685,3238,74518,26929,Europe
July,7,Cuba,65509,2339,61537,1633,Americas
July,7,Cyprus,27666,513,22744,4409,Europe
July,7,Czechia,365905,9637,234060,122208,Europe
July,7,Denmark,358669,16461,331994,10214,Europe
July,7,Djibouti,133381,1516,128416,3449,Eastern Mediterranean
July,7,Dominica,486,0,486,0,Americas
July,7,Dominican Republic,1274998,24628,620916,629454,Americas
July,7,Ecuador,1881807,137915,835660,908232,Americas
July,7,Egypt,2241437,106275,698182,1436980,Eastern Mediterranean
July,7,El Salvador,283501,7800,160309,115392,Americas
July,7,Equatorial Guinea,81847,1358,22407,58082,Africa
July,7,Eritrea,6402,0,3223,3179,Africa
July,7,Estonia,54347,1863,51145,1339,Europe
July,7,Eswatini,40323,541,19320,20462,Africa
July,7,Ethiopia,235787,3972,89552,142263,Africa
July,7,Fiji,657,0,486,171,Western Pacific
July,7,Finland,197264,8872,184180,4212,Europe
July,7,France,5679861,811526,2129915,2738420,Europe
July,7,Gabon,166362,1242,92687,72433,Africa
July,7,Gambia,2881,98,1093,1690,Africa
July,7,Georgia,27289,413,23446,3430,Europe
July,7,Germany,5428892,244903,5004472,179517,Europe
July,7,Ghana,686153,3778,572341,110034,Africa
July,7,Greece,103638,5263,37098,61277,Europe
July,7,Greenland,352,0,351,1,Europe
July,7,Grenada,621,0,621,0,Americas
July,7,Guatemala,869412,34845,347389,487178,Americas
July,7,Guinea,167626,1021,138540,28065,Africa
July,7,Guinea-Bissau,50169,691,19916,29562,Africa
July,7,Guyana,8371,467,4013,3891,Americas
July,7,Haiti,182850,3683,80845,98322,Americas
July,7,Holy See,324,0,324,0,Europe
July,7,Honduras,810478,22317,91199,696962,Americas
July,7,Hungary,115487,16015,82731,16741,Europe
July,7,Iceland,49573,270,48865,438,Europe
July,7,India,26385312,671178,16564087,9150047,South-East Asia
July,7,Indonesia,2122937,102897,1072192,947848,South-East Asia
July,7,Iran,7078432,358835,6063041,656556,Eastern Mediterranean
July,7,Iraq,2200547,89327,1366946,744274,Eastern Mediterranean
July,7,Ireland,693133,47223,630828,15082,Europe
July,7,Israel,1170798,10327,561251,599220,Europe
July,7,Italy,6572786,944402,5270434,357950,Europe
July,7,Jamaica,20858,270,17367,3221,Americas
July,7,Japan,634719,26592,502461,105666,Western Pacific
July,7,Jordan,31592,278,26783,4531,Eastern Mediterranean
July,7,Kazakhstan,1703184,10204,951397,741583,Europe
July,7,Kenya,308373,5631,112059,190683,Africa
July,7,Kosovo,134657,3006,69384,62267,Europe
July,7,Kuwait,1511879,10672,1248906,252301,Eastern Mediterranean
July,7,Kyrgyzstan,458058,13445,217841,226772,Europe
July,7,Laos,517,0,513,4,Western Pacific
July,7,Latvia,31584,825,27539,3220,Europe
July,7,Lebanon,68690,1061,39394,28235,Eastern Mediterranean
July,7,Lesotho,6493,98,1246,5149,Africa
July,7,Liberia,27364,1490,12798,13076,Africa
July,7,Libya,44493,1156,10087,33250,Eastern Mediterranean
July,7,Liechtenstein,2283,27,2204,52,Europe
July,7,Lithuania,51238,2141,42618,6479,Europe
July,7,Luxembourg,140167,2991,115234,21942,Europe
July,7,Madagascar,150870,1304,79853,69713,Africa
July,7,Malawi,67017,1263,22183,43571,Africa
July,7,Malaysia,236127,3295,230048,2784,Western Pacific
July,7,Maldives,75635,360,61362,13913,South-East Asia
July,7,Mali,65099,3257,46427,15415,Africa
July,7,Malta,18280,243,17786,251,Europe
July,7,Mauritania,147738,3934,77277,66527,Africa
July,7,Mauritius,9246,270,8927,49,Africa
July,7,Mexico,8455776,980584,6519284,955908,Americas
July,7,Moldova,537355,17638,351141,168576,Europe
July,7,Monaco,2960,108,2640,212,Europe
July,7,Mongolia,6883,0,5501,1382,Western Pacific
July,7,Montenegro,42574,701,10890,30983,Europe
July,7,Morocco,439372,7059,351545,80768,Eastern Mediterranean
July,7,Mozambique,34620,246,0,34374,Africa
July,7,Namibia,25870,72,1069,24729,Africa
July,7,Nepal,457881,1033,264589,192259,South-East Asia
July,7,Netherlands,1393381,166126,4989,1222266,Europe
July,7,New Zealand,41735,594,40524,617,Western Pacific
July,7,Nicaragua,81138,2584,54797,23757,Americas
July,7,Niger,29776,1848,26835,1093,Africa
July,7,Nigeria,911628,20032,375749,515847,Africa
July,7,North Macedonia,225607,10572,113872,101163,Europe
July,7,Norway,243080,6834,222562,13684,Europe
July,7,Oman,1604070,7543,1054306,542221,Eastern Mediterranean
July,7,Pakistan,6803209,142652,4744359,1916198,Eastern Mediterranean
July,7,Panama,1290060,26264,668264,595532,Americas
July,7,Papua New Guinea,525,2,231,292,Western Pacific
July,7,Paraguay,87001,732,44919,41350,Americas
July,7,Peru,9057868,348985,6059727,2649156,Americas
July,7,Philippines,1597543,42679,495559,1059305,Western Pacific
July,7,Poland,1044543,42787,748341,253415,Europe
July,7,Portugal,1263422,44866,854880,363676,Europe
July,7,Qatar,2811865,3961,2676649,131255,Eastern Mediterranean
July,7,Romania,937760,52188,598740,286832,Europe
July,7,Russia,19912018,311627,13889372,5711019,Europe
July,7,Rwanda,38132,108,19535,18489,Africa
July,7,Saint Kitts and Nevis,447,0,405,42,Americas
July,7,Saint Lucia,605,0,528,77,Americas
July,7,Saint Vincent and the Grenadines,1023,0,839,184,Americas
July,7,San Marino,18865,1134,17716,15,Europe
July,7,Sao Tome and Principe,20277,370,10645,9262,Africa
July,7,Saudi Arabia,6364749,61470,4831078,1472201,Eastern Mediterranean
July,7,Senegal,224365,4171,149605,70589,Africa
July,7,Serbia,518294,11140,262529,244625,Europe
July,7,Seychelles,2666,0,541,2125,Africa
July,7,Sierra Leone,44541,1724,31817,11000,Africa
July,7,Singapore,1265295,716,1153065,111514,Western Pacific
July,7,Slovakia,51840,756,40804,10280,Europe
July,7,Slovenia,50272,3030,40858,6384,Europe
July,7,Somalia,82998,2494,35010,45494,Eastern Mediterranean
July,7,South Africa,8151681,122647,4309282,3719752,Africa
July,7,South Korea,366260,7855,333145,25260,Western Pacific
July,7,South Sudan,57409,1110,19937,36362,Africa
July,7,Spain,6990726,767006,4060152,2163568,Europe
July,7,Sri Lanka,67206,297,53686,13223,South-East Asia
July,7,Sudan,283122,17845,145135,120142,Eastern Mediterranean
July,7,Suriname,24140,495,14816,8829,Americas
July,7,Sweden,2040784,150003,0,1890781,Europe
July,7,Switzerland,894012,53169,805400,35443,Europe
July,7,Syria,12344,590,0,11754,Eastern Mediterranean
July,7,Taiwan*,12194,189,11854,151,Western Pacific
July,7,Tajikistan,179176,1499,143765,33912,Europe
July,7,Tanzania,13743,567,4941,8235,Africa
July,7,Thailand,87177,1566,83394,2217,South-East Asia
July,7,Timor-Leste,648,0,0,648,South-East Asia
July,7,Togo,20163,414,13938,5811,Africa
July,7,Trinidad and Tobago,3668,216,3289,163,Americas
July,7,Tunisia,35169,1350,29262,4557,Eastern Mediterranean
July,7,Turkey,5795083,145675,5262840,386568,Europe
July,7,Uganda,27593,6,25685,1902,Americas
July,7,Ukraine,1518710,38380,768981,711349,Africa
July,7,United Arab Emirates,1483840,8987,1238519,236334,Europe
July,7,United Kingdom,7906373,1215249,37688,6653436,Eastern Mediterranean
July,7,Uruguay,27895,840,24244,2811,Europe
July,7,US,93360473,3703024,28431277,61226172,Americas
July,7,Uzbekistan,387691,1858,226247,159586,Europe
July,7,Venezuela,279813,2619,116026,161168,Americas
July,7,Vietnam,10306,0,9521,785,Western Pacific
July,7,West Bank and Gaza,185331,1143,37958,146230,Eastern Mediterranean
July,7,Western Sahara,270,27,216,27,Africa
July,7,Yemen,39770,10983,17967,10820,Eastern Mediterranean
July,7,Zambia,68813,2021,41651,25141,Africa
July,7,Zimbabwe,36156,520,9582,26054,Africa