Date,Country/Region,Confirmed,Deaths,Recovered,Active,WHO Region
22/01/2020,Australia,0,0,0,0,Western Pacific
22/01/2020,Canada,0,0,0,0,Americas
22/01/2020,China,548,17,28,503,Western Pacific
22/01/2020,France,0,0,0,0,Europe
22/01/2020,India,0,0,0,0,South-East Asia
22/01/2020,Italy,0,0,0,0,Europe
22/01/2020,New Zealand,0,0,0,0,Western Pacific
22/01/2020,Russia,0,0,0,0,Europe
22/01/2020,US,1,0,0,1,Americas
22/01/2020,United Kingdom,0,0,0,0,Europe
23/01/2020,Australia,0,0,0,0,Western Pacific
23/01/2020,Canada,0,0,0,0,Americas
23/01/2020,China,643,18,30,595,Western Pacific
23/01/2020,France,0,0,0,0,Europe
23/01/2020,India,0,0,0,0,South-East Asia
23/01/2020,Italy,0,0,0,0,Europe
23/01/2020,New Zealand,0,0,0,0,Western Pacific
23/01/2020,Russia,0,0,0,0,Europe
23/01/2020,US,1,0,0,1,Americas
23/01/2020,United Kingdom,0,0,0,0,Europe
24/01/2020,Australia,0,0,0,0,Western Pacific
24/01/2020,Canada,0,0,0,0,Americas
24/01/2020,China,920,26,36,858,Western Pacific
24/01/2020,France,2,0,0,2,Europe
24/01/2020,India,0,0,0,0,South-East Asia
24/01/2020,Italy,0,0,0,0,Europe
24/01/2020,New Zealand,0,0,0,0,Western Pacific
24/01/2020,Russia,0,0,0,0,Europe
24/01/2020,US,2,0,0,2,Americas
24/01/2020,United Kingdom,0,0,0,0,Europe
25/01/2020,Australia,0,0,0,0,Western Pacific
25/01/2020,Canada,0,0,0,0,Americas
25/01/2020,China,1406,42,39,1325,Western Pacific
25/01/2020,France,3,0,0,3,Europe
25/01/2020,India,0,0,0,0,South-East Asia
25/01/2020,Italy,0,0,0,0,Europe
25/01/2020,New Zealand,0,0,0,0,Western Pacific
25/01/2020,Russia,0,0,0,0,Europe
25/01/2020,US,2,0,0,2,Americas
25/01/2020,United Kingdom,0,0,0,0,Europe
26/01/2020,Australia,4,0,0,4,Western Pacific
26/01/2020,Canada,1,0,0,1,Americas
26/01/2020,China,2075,56,49,1970,Western Pacific
26/01/2020,France,3,0,0,3,Europe
26/01/2020,India,0,0,0,0,South-East Asia
26/01/2020,Italy,0,0,0,0,Europe
26/01/2020,New Zealand,0,0,0,0,Western Pacific
26/01/2020,Russia,0,0,0,0,Europe
26/01/2020,US,5,0,0,5,Americas
26/01/2020,United Kingdom,0,0,0,0,Europe
27/01/2020,Australia,5,0,0,5,Western Pacific
27/01/2020,Canada,1,0,0,1,Americas
27/01/2020,China,2877,82,58,2737,Western Pacific
27/01/2020,France,3,0,0,3,Europe
27/01/2020,India,0,0,0,0,South-East Asia
27/01/2020,Italy,0,0,0,0,Europe
27/01/2020,New Zealand,0,0,0,0,Western Pacific
27/01/2020,Russia,0,0,0,0,Europe
27/01/2020,US,5,0,0,5,Americas
27/01/2020,United Kingdom,0,0,0,0,Europe
28/01/2020,Australia,5,0,0,5,Western Pacific
28/01/2020,Canada,2,0,0,2,Americas
28/01/2020,China,5509,131,101,5277,Western Pacific
28/01/2020,France,4,0,0,4,Europe
28/01/2020,India,0,0,0,0,South-East Asia
28/01/2020,Italy,0,0,0,0,Europe
28/01/2020,New Zealand,0,0,0,0,Western Pacific
28/01/2020,Russia,0,0,0,0,Europe
28/01/2020,US,5,0,0,5,Americas
28/01/2020,United Kingdom,0,0,0,0,Europe
29/01/2020,Australia,6,0,0,6,Western Pacific
29/01/2020,Canada,2,0,0,2,Americas
29/01/2020,China,6087,133,119,5835,Western Pacific
29/01/2020,France,5,0,0,5,Europe
29/01/2020,India,0,0,0,0,South-East Asia
29/01/2020,Italy,0,0,0,0,Europe
29/01/2020,New Zealand,0,0,0,0,Western Pacific
29/01/2020,Russia,0,0,0,0,Europe
29/01/2020,US,5,0,0,5,Americas
29/01/2020,United Kingdom,0,0,0,0,Europe
30/01/2020,Australia,9,0,2,7,Western Pacific
30/01/2020,Canada,2,0,0,2,Americas
30/01/2020,China,8141,171,133,7837,Western Pacific
30/01/2020,France,5,0,0,5,Europe
30/01/2020,India,1,0,0,1,South-East Asia
30/01/2020,Italy,0,0,0,0,Europe
30/01/2020,New Zealand,0,0,0,0,Western Pacific
30/01/2020,Russia,0,0,0,0,Europe
30/01/2020,US,5,0,0,5,Americas
30/01/2020,United Kingdom,0,0,0,0,Europe
31/01/2020,Australia,9,0,2,7,Western Pacific
31/01/2020,Canada,4,0,0,4,Americas
31/01/2020,China,9802,213,211,9378,Western Pacific
31/01/2020,France,5,0,0,5,Europe
31/01/2020,India,1,0,0,1,South-East Asia
31/01/2020,Italy,2,0,0,2,Europe
31/01/2020,New Zealand,0,0,0,0,Western Pacific
31/01/2020,Russia,2,0,0,2,Europe
31/01/2020,US,7,0,0,7,Americas
31/01/2020,United Kingdom,2,0,0,2,Europe
1/02/2020,Australia,12,0,2,10,Western Pacific
1/02/2020,Canada,4,0,0,4,Americas
1/02/2020,China,11891,259,272,11360,Western Pacific
1/02/2020,France,6,0,0,6,Europe
1/02/2020,India,1,0,0,1,South-East Asia
1/02/2020,Italy,2,0,0,2,Europe
1/02/2020,New Zealand,0,0,0,0,Western Pacific
1/02/2020,Russia,2,0,0,2,Europe
1/02/2020,US,8,0,0,8,Americas
1/02/2020,United Kingdom,2,0,0,2,Europe
2/02/2020,Australia,12,0,2,10,Western Pacific
2/02/2020,Canada,4,0,0,4,Americas
2/02/2020,China,16630,361,450,15819,Western Pacific
2/02/2020,France,6,0,0,6,Europe
2/02/2020,India,2,0,0,2,South-East Asia
2/02/2020,Italy,2,0,0,2,Europe
2/02/2020,New Zealand,0,0,0,0,Western Pacific
2/02/2020,Russia,2,0,0,2,Europe
2/02/2020,US,8,0,0,8,Americas
2/02/2020,United Kingdom,2,0,0,2,Europe
3/02/2020,Australia,12,0,2,10,Western Pacific
3/02/2020,Canada,4,0,0,4,Americas
3/02/2020,China,19716,425,595,18696,Western Pacific
3/02/2020,France,6,0,0,6,Europe
3/02/2020,India,3,0,0,3,South-East Asia
3/02/2020,Italy,2,0,0,2,Europe
3/02/2020,New Zealand,0,0,0,0,Western Pacific
3/02/2020,Russia,2,0,0,2,Europe
3/02/2020,US,11,0,0,11,Americas
3/02/2020,United Kingdom,8,0,0,8,Europe
4/02/2020,Australia,13,0,2,11,Western Pacific
4/02/2020,Canada,4,0,0,4,Americas
4/02/2020,China,23707,491,812,22404,Western Pacific
4/02/2020,France,6,0,0,6,Europe
4/02/2020,India,3,0,0,3,South-East Asia
4/02/2020,Italy,2,0,0,2,Europe
4/02/2020,New Zealand,0,0,0,0,Western Pacific
4/02/2020,Russia,2,0,0,2,Europe
4/02/2020,US,11,0,0,11,Americas
4/02/2020,United Kingdom,8,0,0,8,Europe
5/02/2020,Australia,13,0,2,11,Western Pacific
5/02/2020,Canada,5,0,0,5,Americas
5/02/2020,China,27440,563,1062,25815,Western Pacific
5/02/2020,France,6,0,0,6,Europe
5/02/2020,India,3,0,0,3,South-East Asia
5/02/2020,Italy,2,0,0,2,Europe
5/02/2020,New Zealand,0,0,0,0,Western Pacific
5/02/2020,Russia,2,0,0,2,Europe
5/02/2020,US,11,0,0,11,Americas
5/02/2020,United Kingdom,9,0,0,9,Europe
6/02/2020,Australia,14,0,2,12,Western Pacific
6/02/2020,Canada,5,0,0,5,Americas
6/02/2020,China,30587,633,1408,28546,Western Pacific
6/02/2020,France,6,0,0,6,Europe
6/02/2020,India,3,0,0,3,South-East Asia
6/02/2020,Italy,2,0,0,2,Europe
6/02/2020,New Zealand,0,0,0,0,Western Pacific
6/02/2020,Russia,2,0,0,2,Europe
6/02/2020,US,11,0,0,11,Americas
6/02/2020,United Kingdom,9,0,0,9,Europe
7/02/2020,Australia,15,0,2,13,Western Pacific
7/02/2020,Canada,7,0,0,7,Americas
7/02/2020,China,34110,718,1891,31501,Western Pacific
7/02/2020,France,6,0,0,6,Europe
7/02/2020,India,3,0,0,3,South-East Asia
7/02/2020,Italy,3,0,0,3,Europe
7/02/2020,New Zealand,0,0,0,0,Western Pacific
7/02/2020,Russia,2,0,0,2,Europe
7/02/2020,US,11,0,0,11,Americas
7/02/2020,United Kingdom,9,0,0,9,Europe
8/02/2020,Australia,15,0,2,13,Western Pacific
8/02/2020,Canada,7,0,0,7,Americas
8/02/2020,China,36814,805,2450,33559,Western Pacific
8/02/2020,France,11,0,0,11,Europe
8/02/2020,India,3,0,0,3,South-East Asia
8/02/2020,Italy,3,0,0,3,Europe
8/02/2020,New Zealand,0,0,0,0,Western Pacific
8/02/2020,Russia,2,0,0,2,Europe
8/02/2020,US,11,0,0,11,Americas
8/02/2020,United Kingdom,13,0,0,13,Europe
9/02/2020,Australia,15,0,2,13,Western Pacific
9/02/2020,Canada,7,0,0,7,Americas
9/02/2020,China,39829,905,3032,35892,Western Pacific
9/02/2020,France,11,0,0,11,Europe
9/02/2020,India,3,0,0,3,South-East Asia
9/02/2020,Italy,3,0,0,3,Europe
9/02/2020,New Zealand,0,0,0,0,Western Pacific
9/02/2020,Russia,2,0,0,2,Europe
9/02/2020,US,11,0,3,8,Americas
9/02/2020,United Kingdom,14,0,0,14,Europe
10/02/2020,Australia,15,0,2,13,Western Pacific
10/02/2020,Canada,7,0,0,7,Americas
10/02/2020,China,42354,1012,3686,37656,Western Pacific
10/02/2020,France,11,0,0,11,Europe
10/02/2020,India,3,0,0,3,South-East Asia
10/02/2020,Italy,3,0,0,3,Europe
10/02/2020,New Zealand,0,0,0,0,Western Pacific
10/02/2020,Russia,2,0,0,2,Europe
10/02/2020,US,11,0,3,8,Americas
10/02/2020,United Kingdom,14,0,0,14,Europe
11/02/2020,Australia,15,0,2,13,Western Pacific
11/02/2020,Canada,7,0,0,7,Americas
11/02/2020,China,44386,1112,4370,38904,Western Pacific
11/02/2020,France,11,0,0,11,Europe
11/02/2020,India,3,0,0,3,South-East Asia
11/02/2020,Italy,3,0,0,3,Europe
11/02/2020,New Zealand,0,0,0,0,Western Pacific
11/02/2020,Russia,2,0,0,2,Europe
11/02/2020,US,12,0,3,9,Americas
11/02/2020,United Kingdom,15,0,0,15,Europe
12/02/2020,Australia,15,0,2,13,Western Pacific
12/02/2020,Canada,7,0,0,7,Americas
12/02/2020,China,46267,1117,4782,40368,Western Pacific
12/02/2020,France,11,0,2,9,Europe
12/02/2020,India,3,0,0,3,South-East Asia
12/02/2020,Italy,3,0,0,3,Europe
12/02/2020,New Zealand,0,0,0,0,Western Pacific
12/02/2020,Russia,2,0,2,0,Europe
12/02/2020,US,12,0,3,9,Americas
12/02/2020,United Kingdom,16,0,1,15,Europe
13/02/2020,Australia,15,0,8,7,Western Pacific
13/02/2020,Canada,7,0,0,7,Americas
13/02/2020,China,59895,1369,5853,52673,Western Pacific
13/02/2020,France,11,0,2,9,Europe
13/02/2020,India,3,0,0,3,South-East Asia
13/02/2020,Italy,3,0,0,3,Europe
13/02/2020,New Zealand,0,0,0,0,Western Pacific
13/02/2020,Russia,2,0,2,0,Europe
13/02/2020,US,13,0,3,10,Americas
13/02/2020,United Kingdom,17,0,1,16,Europe
14/02/2020,Australia,15,0,8,7,Western Pacific
14/02/2020,Canada,7,0,0,7,Americas
14/02/2020,China,66358,1521,7533,57304,Western Pacific
14/02/2020,France,11,0,2,9,Europe
14/02/2020,India,3,0,0,3,South-East Asia
14/02/2020,Italy,3,0,0,3,Europe
14/02/2020,New Zealand,0,0,0,0,Western Pacific
14/02/2020,Russia,2,0,2,0,Europe
14/02/2020,US,13,0,3,10,Americas
14/02/2020,United Kingdom,18,0,1,17,Europe
15/02/2020,Australia,15,0,8,7,Western Pacific
15/02/2020,Canada,7,0,0,7,Americas
15/02/2020,China,68413,1663,8806,57944,Western Pacific
15/02/2020,France,12,1,4,7,Europe
15/02/2020,India,3,0,0,3,South-East Asia
15/02/2020,Italy,3,0,0,3,Europe
15/02/2020,New Zealand,0,0,0,0,Western Pacific
15/02/2020,Russia,2,0,2,0,Europe
15/02/2020,US,13,0,3,10,Americas
15/02/2020,United Kingdom,18,0,1,17,Europe
16/02/2020,Australia,15,0,8,7,Western Pacific
16/02/2020,Canada,7,0,0,7,Americas
16/02/2020,China,70513,1766,10210,58537,Western Pacific
16/02/2020,France,12,1,4,7,Europe
16/02/2020,India,3,0,3,0,South-East Asia
16/02/2020,Italy,3,0,0,3,Europe
16/02/2020,New Zealand,0,0,0,0,Western Pacific
16/02/2020,Russia,2,0,2,0,Europe
16/02/2020,US,13,0,3,10,Americas
16/02/2020,United Kingdom,18,0,8,10,Europe
17/02/2020,Australia,15,0,10,5,Western Pacific
17/02/2020,Canada,8,0,0,8,Americas
17/02/2020,China,72434,1864,11831,58739,Western Pacific
17/02/2020,France,12,1,4,7,Europe
17/02/2020,India,3,0,3,0,South-East Asia
17/02/2020,Italy,3,0,0,3,Europe
17/02/2020,New Zealand,0,0,0,0,Western Pacific
17/02/2020,Russia,2,0,2,0,Europe
17/02/2020,US,13,0,3,10,Americas
17/02/2020,United Kingdom,19,0,8,11,Europe
18/02/2020,Australia,15,0,10,5,Western Pacific
18/02/2020,Canada,8,0,0,8,Americas
18/02/2020,China,74211,2003,13548,58660,Western Pacific
18/02/2020,France,12,1,4,7,Europe
18/02/2020,India,3,0,3,0,South-East Asia
18/02/2020,Italy,3,0,0,3,Europe
18/02/2020,New Zealand,0,0,0,0,Western Pacific
18/02/2020,Russia,2,0,2,0,Europe
18/02/2020,US,13,0,3,10,Americas
18/02/2020,United Kingdom,19,0,8,11,Europe
19/02/2020,Australia,15,0,10,5,Western Pacific
19/02/2020,Canada,8,0,0,8,Americas
19/02/2020,China,74619,2116,15237,57266,Western Pacific
19/02/2020,France,12,1,4,7,Europe
19/02/2020,India,3,0,3,0,South-East Asia
19/02/2020,Italy,3,0,0,3,Europe
19/02/2020,New Zealand,0,0,0,0,Western Pacific
19/02/2020,Russia,2,0,2,0,Europe
19/02/2020,US,13,0,3,10,Americas
19/02/2020,United Kingdom,20,0,8,12,Europe
20/02/2020,Australia,15,0,10,5,Western Pacific
20/02/2020,Canada,8,0,0,8,Americas
20/02/2020,China,75077,2238,17208,55631,Western Pacific
20/02/2020,France,12,1,4,7,Europe
20/02/2020,India,3,0,3,0,South-East Asia
20/02/2020,Italy,3,0,0,3,Europe
20/02/2020,New Zealand,0,0,0,0,Western Pacific
20/02/2020,Russia,2,0,2,0,Europe
20/02/2020,US,13,0,3,10,Americas
20/02/2020,United Kingdom,22,0,8,14,Europe
21/02/2020,Australia,15,0,11,4,Western Pacific
21/02/2020,Canada,9,0,0,9,Americas
21/02/2020,China,75550,2238,17784,55528,Western Pacific
21/02/2020,France,12,1,4,7,Europe
21/02/2020,India,3,0,3,0,South-East Asia
21/02/2020,Italy,20,1,0,19,Europe
21/02/2020,New Zealand,0,0,0,0,Western Pacific
21/02/2020,Russia,2,0,2,0,Europe
21/02/2020,US,15,0,5,10,Americas
21/02/2020,United Kingdom,23,0,8,15,Europe
22/02/2020,Australia,15,0,11,4,Western Pacific
22/02/2020,Canada,9,0,0,9,Americas
22/02/2020,China,77001,2443,21666,52892,Western Pacific
22/02/2020,France,12,1,4,7,Europe
22/02/2020,India,3,0,3,0,South-East Asia
22/02/2020,Italy,62,2,1,59,Europe
22/02/2020,New Zealand,0,0,0,0,Western Pacific
22/02/2020,Russia,2,0,2,0,Europe
22/02/2020,US,15,0,5,10,Americas
22/02/2020,United Kingdom,23,0,8,15,Europe
23/02/2020,Australia,15,0,11,4,Western Pacific
23/02/2020,Canada,9,0,0,9,Americas
23/02/2020,China,77022,2445,22100,52477,Western Pacific
23/02/2020,France,12,1,4,7,Europe
23/02/2020,India,3,0,3,0,South-East Asia
23/02/2020,Italy,155,3,2,150,Europe
23/02/2020,New Zealand,0,0,0,0,Western Pacific
23/02/2020,Russia,2,0,2,0,Europe
23/02/2020,US,15,0,5,10,Americas
23/02/2020,United Kingdom,28,0,8,20,Europe
24/02/2020,Australia,15,0,11,4,Western Pacific
24/02/2020,Canada,10,0,0,10,Americas
24/02/2020,China,77241,2595,23838,50808,Western Pacific
24/02/2020,France,12,1,4,7,Europe
24/02/2020,India,3,0,3,0,South-East Asia
24/02/2020,Italy,229,7,1,221,Europe
24/02/2020,New Zealand,0,0,0,0,Western Pacific
24/02/2020,Russia,2,0,2,0,Europe
24/02/2020,US,15,0,5,10,Americas
24/02/2020,United Kingdom,30,0,8,22,Europe
25/02/2020,Australia,15,0,11,4,Western Pacific
25/02/2020,Canada,11,0,0,11,Americas
25/02/2020,China,77754,2665,26426,48663,Western Pacific
25/02/2020,France,14,1,11,2,Europe
25/02/2020,India,3,0,3,0,South-East Asia
25/02/2020,Italy,322,10,1,311,Europe
25/02/2020,New Zealand,0,0,0,0,Western Pacific
25/02/2020,Russia,2,0,2,0,Europe
25/02/2020,US,15,0,6,9,Americas
25/02/2020,United Kingdom,34,0,8,26,Europe
26/02/2020,Australia,15,0,11,4,Western Pacific
26/02/2020,Canada,11,0,0,11,Americas
26/02/2020,China,78166,2717,28790,46659,Western Pacific
26/02/2020,France,18,2,11,5,Europe
26/02/2020,India,3,0,3,0,South-East Asia
26/02/2020,Italy,453,12,3,438,Europe
26/02/2020,New Zealand,0,0,0,0,Western Pacific
26/02/2020,Russia,2,0,2,0,Europe
26/02/2020,US,15,0,6,9,Americas
26/02/2020,United Kingdom,37,0,8,29,Europe
27/02/2020,Australia,15,0,11,4,Western Pacific
27/02/2020,Canada,13,0,0,13,Americas
27/02/2020,China,78600,2746,31588,44266,Western Pacific
27/02/2020,France,38,2,11,25,Europe
27/02/2020,India,3,0,3,0,South-East Asia
27/02/2020,Italy,655,17,45,593,Europe
27/02/2020,New Zealand,0,0,0,0,Western Pacific
27/02/2020,Russia,2,0,2,0,Europe
27/02/2020,US,16,0,6,10,Americas
27/02/2020,United Kingdom,44,0,8,36,Europe
28/02/2020,Australia,15,0,11,4,Western Pacific
28/02/2020,Canada,14,0,0,14,Americas
28/02/2020,China,78928,2790,34940,41198,Western Pacific
28/02/2020,France,57,2,11,44,Europe
28/02/2020,India,3,0,3,0,South-East Asia
28/02/2020,Italy,888,21,46,821,Europe
28/02/2020,New Zealand,1,0,0,1,Western Pacific
28/02/2020,Russia,2,0,2,0,Europe
28/02/2020,US,16,0,7,9,Americas
28/02/2020,United Kingdom,56,0,8,48,Europe
29/02/2020,Australia,25,0,11,14,Western Pacific
29/02/2020,Canada,20,0,0,20,Americas
29/02/2020,China,79356,2837,37868,38651,Western Pacific
29/02/2020,France,100,2,12,86,Europe
29/02/2020,India,3,0,3,0,South-East Asia
29/02/2020,Italy,1128,29,46,1053,Europe
29/02/2020,New Zealand,1,0,0,1,Western Pacific
29/02/2020,Russia,2,0,2,0,Europe
29/02/2020,US,24,1,7,16,Americas
29/02/2020,United Kingdom,61,0,8,53,Europe
1/03/2020,Australia,27,1,11,15,Western Pacific
1/03/2020,Canada,24,0,0,24,Americas
1/03/2020,China,79932,2872,40670,36390,Western Pacific
1/03/2020,France,130,2,12,116,Europe
1/03/2020,India,3,0,3,0,South-East Asia
1/03/2020,Italy,1694,34,83,1577,Europe
1/03/2020,New Zealand,1,0,0,1,Western Pacific
1/03/2020,Russia,2,0,2,0,Europe
1/03/2020,US,30,1,7,22,Americas
1/03/2020,United Kingdom,94,0,8,86,Europe
2/03/2020,Australia,30,1,11,18,Western Pacific
2/03/2020,Canada,27,0,0,27,Americas
2/03/2020,China,80136,2914,43353,33869,Western Pacific
2/03/2020,France,191,3,12,176,Europe
2/03/2020,India,5,0,3,2,South-East Asia
2/03/2020,Italy,2036,52,149,1835,Europe
2/03/2020,New Zealand,1,0,0,1,Western Pacific
2/03/2020,Russia,3,0,2,1,Europe
2/03/2020,US,53,6,7,40,Americas
2/03/2020,United Kingdom,134,0,8,126,Europe
3/03/2020,Australia,39,1,11,27,Western Pacific
3/03/2020,Canada,30,0,0,30,Americas
3/03/2020,China,80261,2947,45919,31395,Western Pacific
3/03/2020,France,204,4,12,188,Europe
3/03/2020,India,5,0,3,2,South-East Asia
3/03/2020,Italy,2502,79,160,2263,Europe
3/03/2020,New Zealand,1,0,0,1,Western Pacific
3/03/2020,Russia,3,0,2,1,Europe
3/03/2020,US,73,7,7,59,Americas
3/03/2020,United Kingdom,189,0,8,181,Europe
4/03/2020,Australia,52,2,11,39,Western Pacific
4/03/2020,Canada,33,0,0,33,Americas
4/03/2020,China,80386,2983,48466,28937,Western Pacific
4/03/2020,France,288,4,12,272,Europe
4/03/2020,India,28,0,3,25,South-East Asia
4/03/2020,Italy,3089,107,276,2706,Europe
4/03/2020,New Zealand,3,0,0,3,Western Pacific
4/03/2020,Russia,3,0,2,1,Europe
4/03/2020,US,104,11,7,86,Americas
4/03/2020,United Kingdom,246,0,8,238,Europe
5/03/2020,Australia,55,2,21,32,Western Pacific
5/03/2020,Canada,37,0,0,37,Americas
5/03/2020,China,80537,3015,50749,26773,Western Pacific
5/03/2020,France,380,6,12,362,Europe
5/03/2020,India,30,0,3,27,South-East Asia
5/03/2020,Italy,3858,148,414,3296,Europe
5/03/2020,New Zealand,3,0,0,3,Western Pacific
5/03/2020,Russia,4,0,2,2,Europe
5/03/2020,US,174,12,7,155,Americas
5/03/2020,United Kingdom,295,0,8,287,Europe
6/03/2020,Australia,60,2,21,37,Western Pacific
6/03/2020,Canada,49,0,0,49,Americas
6/03/2020,China,80690,3044,52395,25251,Western Pacific
6/03/2020,France,656,9,12,635,Europe
6/03/2020,India,31,0,3,28,South-East Asia
6/03/2020,Italy,4636,197,523,3916,Europe
6/03/2020,New Zealand,4,0,0,4,Western Pacific
6/03/2020,Russia,13,0,2,11,Europe
6/03/2020,US,222,14,7,201,Americas
6/03/2020,United Kingdom,374,1,8,365,Europe
7/03/2020,Australia,63,2,21,40,Western Pacific
7/03/2020,Canada,54,0,0,54,Americas
7/03/2020,China,80770,3072,53988,23710,Western Pacific
7/03/2020,France,959,11,12,936,Europe
7/03/2020,India,34,0,3,31,South-East Asia
7/03/2020,Italy,5883,233,589,5061,Europe
7/03/2020,New Zealand,5,0,0,5,Western Pacific
7/03/2020,Russia,13,0,2,11,Europe
7/03/2020,US,337,17,7,313,Americas
7/03/2020,United Kingdom,429,2,18,409,Europe
8/03/2020,Australia,76,3,21,52,Western Pacific
8/03/2020,Canada,64,0,0,64,Americas
8/03/2020,China,80823,3100,55834,21889,Western Pacific
8/03/2020,France,1136,19,12,1105,Europe
8/03/2020,India,39,0,3,36,South-East Asia
8/03/2020,Italy,7375,366,622,6387,Europe
8/03/2020,New Zealand,5,0,0,5,Western Pacific
8/03/2020,Russia,17,0,3,14,Europe
8/03/2020,US,451,21,7,423,Americas
8/03/2020,United Kingdom,483,2,18,463,Europe
9/03/2020,Australia,91,3,21,67,Western Pacific
9/03/2020,Canada,77,1,0,76,Americas
9/03/2020,China,80860,3123,57250,20487,Western Pacific
9/03/2020,France,1219,19,12,1188,Europe
9/03/2020,India,43,0,3,40,South-East Asia
9/03/2020,Italy,9172,463,724,7985,Europe
9/03/2020,New Zealand,5,0,0,5,Western Pacific
9/03/2020,Russia,17,0,3,14,Europe
9/03/2020,US,519,22,7,490,Americas
9/03/2020,United Kingdom,630,3,18,609,Europe
10/03/2020,Australia,107,3,21,83,Western Pacific
10/03/2020,Canada,79,1,0,78,Americas
10/03/2020,China,80887,3139,58627,19121,Western Pacific
10/03/2020,France,1794,33,12,1749,Europe
10/03/2020,India,56,0,4,52,South-East Asia
10/03/2020,Italy,10149,631,724,8794,Europe
10/03/2020,New Zealand,5,0,0,5,Western Pacific
10/03/2020,Russia,20,0,3,17,Europe
10/03/2020,US,711,28,8,675,Americas
10/03/2020,United Kingdom,889,7,19,863,Europe
11/03/2020,Australia,128,3,21,104,Western Pacific
11/03/2020,Canada,108,1,0,107,Americas
11/03/2020,China,80921,3161,60088,17672,Western Pacific
11/03/2020,France,2293,48,12,2233,Europe
11/03/2020,India,62,1,4,57,South-East Asia
11/03/2020,Italy,12462,827,1045,10590,Europe
11/03/2020,New Zealand,5,0,0,5,Western Pacific
11/03/2020,Russia,20,0,3,17,Europe
11/03/2020,US,1109,33,8,1068,Americas
11/03/2020,United Kingdom,1301,7,19,1275,Europe
12/03/2020,Australia,128,3,21,104,Western Pacific
12/03/2020,Canada,117,1,0,116,Americas
12/03/2020,China,80932,3172,61344,16416,Western Pacific
12/03/2020,France,2293,48,12,2233,Europe
12/03/2020,India,73,1,4,68,South-East Asia
12/03/2020,Italy,15113,1016,1045,13052,Europe
12/03/2020,New Zealand,5,0,0,5,Western Pacific
12/03/2020,Russia,28,0,3,25,Europe
12/03/2020,US,1561,43,12,1506,Americas
12/03/2020,United Kingdom,1790,9,19,1762,Europe
13/03/2020,Australia,200,3,23,174,Western Pacific
13/03/2020,Canada,191,1,0,190,Americas
13/03/2020,China,80945,3180,62637,15128,Western Pacific
13/03/2020,France,3681,79,12,3590,Europe
13/03/2020,India,82,2,4,76,South-East Asia
13/03/2020,Italy,17660,1266,1439,14955,Europe
13/03/2020,New Zealand,5,0,0,5,Western Pacific
13/03/2020,Russia,45,0,3,42,Europe
13/03/2020,US,2157,52,12,2093,Americas
13/03/2020,United Kingdom,2270,10,19,2241,Europe
14/03/2020,Australia,250,3,23,224,Western Pacific
14/03/2020,Canada,196,1,0,195,Americas
14/03/2020,China,80977,3193,64100,13684,Western Pacific
14/03/2020,France,4496,91,12,4393,Europe
14/03/2020,India,102,2,4,96,South-East Asia
14/03/2020,Italy,21157,1441,1966,17750,Europe
14/03/2020,New Zealand,6,0,0,6,Western Pacific
14/03/2020,Russia,59,0,8,51,Europe
14/03/2020,US,2870,58,12,2800,Americas
14/03/2020,United Kingdom,2634,28,19,2587,Europe
15/03/2020,Australia,297,3,23,271,Western Pacific
15/03/2020,Canada,250,1,0,249,Americas
15/03/2020,China,81003,3203,65457,12343,Western Pacific
15/03/2020,France,4532,91,12,4429,Europe
15/03/2020,India,113,2,13,98,South-East Asia
15/03/2020,Italy,24747,1809,2335,20603,Europe
15/03/2020,New Zealand,8,0,0,8,Western Pacific
15/03/2020,Russia,63,0,8,55,Europe
15/03/2020,US,2968,70,12,2886,Americas
15/03/2020,United Kingdom,3077,43,19,3015,Europe
16/03/2020,Australia,377,3,23,351,Western Pacific
16/03/2020,Canada,413,4,0,409,Americas
16/03/2020,China,81033,3217,66350,11466,Western Pacific
16/03/2020,France,6683,149,12,6522,Europe
16/03/2020,India,119,2,13,104,South-East Asia
16/03/2020,Italy,27980,2158,2749,23073,Europe
16/03/2020,New Zealand,8,0,0,8,Western Pacific
16/03/2020,Russia,90,0,8,82,Europe
16/03/2020,US,4360,97,17,4246,Americas
16/03/2020,United Kingdom,3692,66,21,3605,Europe
17/03/2020,Australia,452,5,23,424,Western Pacific
17/03/2020,Canada,470,5,0,465,Americas
17/03/2020,China,81058,3230,67238,10590,Western Pacific
17/03/2020,France,7715,149,12,7554,Europe
17/03/2020,India,142,3,14,125,South-East Asia
17/03/2020,Italy,31506,2503,2941,26062,Europe
17/03/2020,New Zealand,12,0,0,12,Western Pacific
17/03/2020,Russia,114,0,8,106,Europe
17/03/2020,US,6141,131,17,5993,Americas
17/03/2020,United Kingdom,4462,82,53,4327,Europe
18/03/2020,Australia,568,6,23,539,Western Pacific
18/03/2020,Canada,648,8,0,640,Americas
18/03/2020,China,81102,3241,68195,9666,Western Pacific
18/03/2020,France,9124,149,12,8963,Europe
18/03/2020,India,156,3,14,139,South-East Asia
18/03/2020,Italy,35713,2978,4025,28710,Europe
18/03/2020,New Zealand,20,0,0,20,Western Pacific
18/03/2020,Russia,147,0,8,139,Europe
18/03/2020,US,8917,188,105,8624,Americas
18/03/2020,United Kingdom,5467,116,67,5284,Europe
19/03/2020,Australia,681,6,26,649,Western Pacific
19/03/2020,Canada,791,9,0,782,Americas
19/03/2020,China,81156,3249,68975,8932,Western Pacific
19/03/2020,France,10970,244,12,10714,Europe
19/03/2020,India,194,4,15,175,South-East Asia
19/03/2020,Italy,41035,3405,4440,33190,Europe
19/03/2020,New Zealand,28,0,0,28,Western Pacific
19/03/2020,Russia,199,1,9,189,Europe
19/03/2020,US,14157,265,121,13771,Americas
19/03/2020,United Kingdom,6533,159,67,6307,Europe
20/03/2020,Australia,791,7,26,758,Western Pacific
20/03/2020,Canada,933,12,0,921,Americas
20/03/2020,China,81250,3253,69706,8291,Western Pacific
20/03/2020,France,12758,451,12,12295,Europe
20/03/2020,India,244,5,20,219,South-East Asia
20/03/2020,Italy,47021,4032,4440,38549,Europe
20/03/2020,New Zealand,39,0,0,39,Western Pacific
20/03/2020,Russia,253,1,9,243,Europe
20/03/2020,US,19479,362,147,18970,Americas
20/03/2020,United Kingdom,7791,195,67,7529,Europe
21/03/2020,Australia,1071,7,26,1038,Western Pacific
21/03/2020,Canada,1267,19,0,1248,Americas
21/03/2020,China,81305,3259,70297,7749,Western Pacific
21/03/2020,France,14463,563,12,13888,Europe
21/03/2020,India,330,4,23,303,South-East Asia
21/03/2020,Italy,53578,4825,6072,42681,Europe
21/03/2020,New Zealand,52,0,0,52,Western Pacific
21/03/2020,Russia,306,1,12,293,Europe
21/03/2020,US,25825,456,176,25193,Americas
21/03/2020,United Kingdom,9006,251,67,8688,Europe
22/03/2020,Australia,1549,7,88,1454,Western Pacific
22/03/2020,Canada,1456,20,0,1436,Americas
22/03/2020,China,81435,3274,70802,7359,Western Pacific
22/03/2020,France,16243,676,2206,13361,Europe
22/03/2020,India,396,7,27,362,South-East Asia
22/03/2020,Italy,59138,5476,7024,46638,Europe
22/03/2020,New Zealand,102,0,0,102,Western Pacific
22/03/2020,Russia,367,1,16,350,Europe
22/03/2020,US,33761,601,178,32982,Americas
22/03/2020,United Kingdom,10395,286,67,10042,Europe
23/03/2020,Australia,1682,7,88,1587,Western Pacific
23/03/2020,Canada,2075,24,0,2051,Americas
23/03/2020,China,81498,3274,71254,6970,Western Pacific
23/03/2020,France,20123,862,2206,17055,Europe
23/03/2020,India,499,10,27,462,South-East Asia
23/03/2020,Italy,63927,6077,7024,50826,Europe
23/03/2020,New Zealand,102,0,0,102,Western Pacific
23/03/2020,Russia,438,1,16,421,Europe
23/03/2020,US,43850,784,178,42888,Americas
23/03/2020,United Kingdom,12744,360,67,12317,Europe
24/03/2020,Australia,2044,8,115,1921,Western Pacific
24/03/2020,Canada,2777,25,0,2752,Americas
24/03/2020,China,81591,3281,71720,6590,Western Pacific
24/03/2020,France,22622,1102,3250,18270,Europe
24/03/2020,India,536,10,40,486,South-East Asia
24/03/2020,Italy,69176,6820,8326,54030,Europe
24/03/2020,New Zealand,155,0,12,143,Western Pacific
24/03/2020,Russia,495,1,22,472,Europe
24/03/2020,US,54112,1021,348,52743,Americas
24/03/2020,United Kingdom,15126,509,140,14477,Europe
25/03/2020,Australia,2364,8,119,2237,Western Pacific
25/03/2020,Canada,3238,29,0,3209,Americas
25/03/2020,China,81661,3285,72213,6163,Western Pacific
25/03/2020,France,25600,1333,3907,20360,Europe
25/03/2020,India,657,12,43,602,South-East Asia
25/03/2020,Italy,74386,7503,9362,57521,Europe
25/03/2020,New Zealand,205,0,22,183,Western Pacific
25/03/2020,Russia,658,3,29,626,Europe
25/03/2020,US,66055,1333,361,64361,Americas
25/03/2020,United Kingdom,17843,696,140,17007,Europe
26/03/2020,Australia,2810,13,172,2625,Western Pacific
26/03/2020,Canada,4029,37,0,3992,Americas
26/03/2020,China,81782,3291,72621,5870,Western Pacific
26/03/2020,France,29551,1698,4955,22898,Europe
26/03/2020,India,727,20,45,662,South-East Asia
26/03/2020,Italy,80589,8215,10361,62013,Europe
26/03/2020,New Zealand,283,0,27,256,Western Pacific
26/03/2020,Russia,840,3,38,799,Europe
26/03/2020,US,84091,1746,681,81664,Americas
26/03/2020,United Kingdom,20970,880,150,19940,Europe
27/03/2020,Australia,3143,13,194,2936,Western Pacific
27/03/2020,Canada,4669,53,0,4616,Americas
27/03/2020,China,81897,3296,73160,5441,Western Pacific
27/03/2020,France,33402,1997,5707,25698,Europe
27/03/2020,India,887,20,73,794,South-East Asia
27/03/2020,Italy,86498,9134,10950,66414,Europe
27/03/2020,New Zealand,368,0,37,331,Western Pacific
27/03/2020,Russia,1036,4,45,987,Europe
27/03/2020,US,102276,2300,869,99107,Americas
27/03/2020,United Kingdom,24219,1164,151,22904,Europe
28/03/2020,Australia,3640,14,244,3382,Western Pacific
28/03/2020,Canada,5563,60,0,5503,Americas
28/03/2020,China,81999,3299,73539,5161,Western Pacific
28/03/2020,France,38105,2317,5724,30064,Europe
28/03/2020,India,987,24,84,879,South-East Asia
28/03/2020,Italy,92472,10023,12384,70065,Europe
28/03/2020,New Zealand,451,0,50,401,Western Pacific
28/03/2020,Russia,1264,4,49,1211,Europe
28/03/2020,US,122069,2934,1072,118063,Americas
28/03/2020,United Kingdom,27062,1458,151,25453,Europe
29/03/2020,Australia,3984,16,244,3724,Western Pacific
29/03/2020,Canada,6267,63,0,6204,Americas
29/03/2020,China,82122,3304,74021,4797,Western Pacific
29/03/2020,France,40708,2611,7226,30871,Europe
29/03/2020,India,1024,27,95,902,South-East Asia
29/03/2020,Italy,97689,10779,13030,73880,Europe
29/03/2020,New Zealand,514,1,56,457,Western Pacific
29/03/2020,Russia,1534,8,64,1462,Europe
29/03/2020,US,141205,3561,2665,134979,Americas
29/03/2020,United Kingdom,29954,1673,151,28130,Europe
30/03/2020,Australia,4361,17,257,4087,Western Pacific
30/03/2020,Canada,7385,79,0,7306,Americas
30/03/2020,China,82198,3308,74362,4528,Western Pacific
30/03/2020,France,45170,3030,7964,34176,Europe
30/03/2020,India,1251,32,102,1117,South-East Asia
30/03/2020,Italy,101739,11591,14620,75528,Europe
30/03/2020,New Zealand,589,1,63,525,Western Pacific
30/03/2020,Russia,1836,9,66,1761,Europe
30/03/2020,US,162707,4381,5644,152682,Americas
30/03/2020,United Kingdom,34281,2047,171,32063,Europe
31/03/2020,Australia,4559,18,358,4183,Western Pacific
31/03/2020,Canada,8514,100,0,8414,Americas
31/03/2020,China,82279,3309,74645,4325,Western Pacific
31/03/2020,France,52827,3532,9513,39782,Europe
31/03/2020,India,1397,35,123,1239,South-East Asia
31/03/2020,Italy,105792,12428,15729,77635,Europe
31/03/2020,New Zealand,647,1,74,572,Western Pacific
31/03/2020,Russia,2337,17,121,2199,Europe
31/03/2020,US,188724,5605,7024,176095,Americas
31/03/2020,United Kingdom,38815,2430,179,36206,Europe
1/04/2020,Australia,4862,20,422,4420,Western Pacific
1/04/2020,Canada,9547,108,0,9439,Americas
1/04/2020,China,82361,3316,74844,4201,Western Pacific
1/04/2020,France,57749,4414,11053,42282,Europe
1/04/2020,India,1998,58,148,1792,South-East Asia
1/04/2020,Italy,110574,13155,16847,80572,Europe
1/04/2020,New Zealand,708,1,83,624,Western Pacific
1/04/2020,Russia,2777,24,190,2563,Europe
1/04/2020,US,214205,6846,8474,198885,Americas
1/04/2020,United Kingdom,43789,3101,179,40509,Europe
2/04/2020,Australia,5116,24,520,4572,Western Pacific
2/04/2020,Canada,11271,138,0,11133,Americas
2/04/2020,China,82432,3322,75004,4106,Western Pacific
2/04/2020,France,59929,5398,12548,41983,Europe
2/04/2020,India,2543,72,191,2280,South-East Asia
2/04/2020,Italy,115242,13915,18278,83049,Europe
2/04/2020,New Zealand,797,1,92,704,Western Pacific
2/04/2020,Russia,3548,30,235,3283,Europe
2/04/2020,US,244610,8432,9001,227177,Americas
2/04/2020,United Kingdom,48718,3753,192,44773,Europe
3/04/2020,Australia,5330,28,649,4653,Western Pacific
3/04/2020,Canada,12424,178,0,12246,Americas
3/04/2020,China,82511,3326,75199,3986,Western Pacific
3/04/2020,France,65202,6520,14135,44547,Europe
3/04/2020,India,2567,72,192,2303,South-East Asia
3/04/2020,Italy,119827,14681,19758,85388,Europe
3/04/2020,New Zealand,868,1,103,764,Western Pacific
3/04/2020,Russia,4149,34,281,3834,Europe
3/04/2020,US,276547,9747,9707,257093,Americas
3/04/2020,United Kingdom,53699,4468,208,49023,Europe
4/04/2020,Australia,5550,30,701,4819,Western Pacific
4/04/2020,Canada,12965,217,0,12748,Americas
4/04/2020,China,82543,3330,75385,3828,Western Pacific
4/04/2020,France,69500,7574,15572,46354,Europe
4/04/2020,India,3082,86,229,2767,South-East Asia
4/04/2020,Italy,124632,15362,20996,88274,Europe
4/04/2020,New Zealand,950,1,127,822,Western Pacific
4/04/2020,Russia,4731,43,333,4355,Europe
4/04/2020,US,309699,11031,14652,284016,Americas
4/04/2020,United Kingdom,57772,5229,215,52328,Europe
5/04/2020,Australia,5687,35,757,4895,Western Pacific
5/04/2020,Canada,15743,258,0,15485,Americas
5/04/2020,China,82602,3333,75646,3623,Western Pacific
5/04/2020,France,71412,8093,16349,46970,Europe
5/04/2020,India,3588,99,229,3260,South-East Asia
5/04/2020,Italy,128948,15887,21815,91246,Europe
5/04/2020,New Zealand,1039,1,156,882,Western Pacific
5/04/2020,Russia,5389,45,355,4989,Europe
5/04/2020,US,337573,12470,17448,307655,Americas
5/04/2020,United Kingdom,61422,5875,229,55318,Europe
6/04/2020,Australia,5797,40,1080,4677,Western Pacific
6/04/2020,Canada,16550,338,0,16212,Americas
6/04/2020,China,82665,3335,75748,3582,Western Pacific
6/04/2020,France,75343,8926,17428,48989,Europe
6/04/2020,India,4778,136,375,4267,South-East Asia
6/04/2020,Italy,132547,16523,22837,93187,Europe
6/04/2020,New Zealand,1106,1,176,929,Western Pacific
6/04/2020,Russia,6343,47,406,5890,Europe
6/04/2020,US,367215,14138,19581,333496,Americas
6/04/2020,United Kingdom,66738,6446,287,60005,Europe
7/04/2020,Australia,5895,45,1080,4770,Western Pacific
7/04/2020,Canada,17859,374,0,17485,Americas
7/04/2020,China,82718,3335,75846,3537,Western Pacific
7/04/2020,France,79163,10343,19523,49297,Europe
7/04/2020,India,5311,150,421,4740,South-East Asia
7/04/2020,Italy,135586,17127,24392,94067,Europe
7/04/2020,New Zealand,1160,1,241,918,Western Pacific
7/04/2020,Russia,7497,58,494,6945,Europe
7/04/2020,US,397992,16447,21763,359782,Americas
7/04/2020,United Kingdom,72224,7484,325,64415,Europe
8/04/2020,Australia,6010,50,1080,4880,Western Pacific
8/04/2020,Canada,19128,406,0,18722,Americas
8/04/2020,China,82809,3337,76003,3469,Western Pacific
8/04/2020,France,83057,10887,21452,50718,Europe
8/04/2020,India,5916,178,506,5232,South-East Asia
8/04/2020,Italy,139422,17669,26491,95262,Europe
8/04/2020,New Zealand,1210,1,282,927,Western Pacific
8/04/2020,Russia,8672,63,580,8029,Europe
8/04/2020,US,429686,18563,23559,387564,Americas
8/04/2020,United Kingdom,77387,8520,345,68522,Europe
9/04/2020,Australia,6108,51,1472,4585,Western Pacific
9/04/2020,Canada,20641,502,0,20139,Americas
9/04/2020,China,82883,3339,76114,3430,Western Pacific
9/04/2020,France,87366,12228,23413,51725,Europe
9/04/2020,India,6725,226,620,5879,South-East Asia
9/04/2020,Italy,143626,18279,28470,96877,Europe
9/04/2020,New Zealand,1239,1,317,921,Western Pacific
9/04/2020,Russia,10131,76,698,9357,Europe
9/04/2020,US,464442,20638,25410,418394,Americas
9/04/2020,United Kingdom,82293,9631,359,72303,Europe
10/04/2020,Australia,6215,54,1793,4368,Western Pacific
10/04/2020,Canada,22046,556,0,21490,Americas
10/04/2020,China,82941,3340,76226,3375,Western Pacific
10/04/2020,France,91738,13215,25195,53328,Europe
10/04/2020,India,7598,246,774,6578,South-East Asia
10/04/2020,Italy,147577,18849,30455,98273,Europe
10/04/2020,New Zealand,1283,2,373,908,Western Pacific
10/04/2020,Russia,11917,94,795,11028,Europe
10/04/2020,US,497943,22731,28790,446422,Americas
10/04/2020,United Kingdom,86660,10784,588,75288,Europe
11/04/2020,Australia,6303,57,1806,4440,Western Pacific
11/04/2020,Canada,23303,653,0,22650,Americas
11/04/2020,China,83014,3343,76312,3359,Western Pacific
11/04/2020,France,94863,13851,26663,54349,Europe
11/04/2020,India,8446,288,969,7189,South-East Asia
11/04/2020,Italy,152271,19468,32534,100269,Europe
11/04/2020,New Zealand,1312,4,422,886,Western Pacific
11/04/2020,Russia,13584,106,1045,12433,Europe
11/04/2020,US,527969,24777,31270,471922,Americas
11/04/2020,United Kingdom,90273,11625,622,78026,Europe
12/04/2020,Australia,6315,60,1806,4449,Western Pacific
12/04/2020,Canada,24286,713,0,23573,Americas
12/04/2020,China,83134,3343,76390,3401,Western Pacific
12/04/2020,France,121712,14412,27469,79831,Europe
12/04/2020,India,9205,331,1080,7794,South-East Asia
12/04/2020,Italy,156363,19899,34211,102253,Europe
12/04/2020,New Zealand,1330,4,471,855,Western Pacific
12/04/2020,Russia,15770,130,1291,14349,Europe
12/04/2020,US,556522,26548,32988,496986,Americas
12/04/2020,United Kingdom,93812,12311,626,80875,Europe
13/04/2020,Australia,6351,61,1806,4484,Western Pacific
13/04/2020,Canada,25667,780,0,24887,Americas
13/04/2020,China,83213,3345,76473,3395,Western Pacific
13/04/2020,France,125394,14986,28001,82407,Europe
13/04/2020,India,10453,358,1181,8914,South-East Asia
13/04/2020,Italy,159516,20465,35435,103616,Europe
13/04/2020,New Zealand,1349,5,546,798,Western Pacific
13/04/2020,Russia,18328,148,1470,16710,Europe
13/04/2020,US,581813,28376,43482,509955,Americas
13/04/2020,United Kingdom,98017,13056,304,84657,Europe
14/04/2020,Australia,6415,62,2186,4167,Western Pacific
14/04/2020,Canada,27022,900,0,26122,Americas
14/04/2020,China,83306,3345,76632,3329,Western Pacific
14/04/2020,France,130365,15731,28805,85829,Europe
14/04/2020,India,11487,393,1359,9735,South-East Asia
14/04/2020,Italy,162488,21067,37130,104291,Europe
14/04/2020,New Zealand,1366,9,628,729,Western Pacific
14/04/2020,Russia,21102,170,1694,19238,Europe
14/04/2020,US,608878,30780,47763,530335,Americas
14/04/2020,United Kingdom,102365,14107,323,87935,Europe
15/04/2020,Australia,6440,63,2186,4191,Western Pacific
15/04/2020,Canada,28196,1007,0,27189,Americas
15/04/2020,China,83356,3346,76743,3267,Western Pacific
15/04/2020,France,133585,17169,30955,85461,Europe
15/04/2020,India,12322,405,1432,10485,South-East Asia
15/04/2020,Italy,165155,21645,38092,105418,Europe
15/04/2020,New Zealand,1386,9,728,649,Western Pacific
15/04/2020,Russia,24490,198,1986,22306,Europe
15/04/2020,US,637974,33329,52096,552549,Americas
15/04/2020,United Kingdom,107465,14953,368,92144,Europe
16/04/2020,Australia,6462,63,2355,4044,Western Pacific
16/04/2020,Canada,30796,1258,0,29538,Americas
16/04/2020,China,83403,3346,76832,3225,Western Pacific
16/04/2020,France,146075,17922,32812,95341,Europe
16/04/2020,India,13430,448,1768,11214,South-East Asia
16/04/2020,Italy,168941,22170,40164,106607,Europe
16/04/2020,New Zealand,1401,9,770,622,Western Pacific
16/04/2020,Russia,27938,232,2304,25402,Europe
16/04/2020,US,669272,35442,54703,579127,Americas
16/04/2020,United Kingdom,112808,15986,375,96447,Europe
17/04/2020,Australia,6522,66,3808,2648,Western Pacific
17/04/2020,Canada,32801,1355,0,31446,Americas
17/04/2020,China,83760,4636,75982,3142,Western Pacific
17/04/2020,France,148084,18683,34420,94981,Europe
17/04/2020,India,14352,486,2041,11825,South-East Asia
17/04/2020,Italy,172434,22745,42727,106962,Europe
17/04/2020,New Zealand,1409,11,816,582,Western Pacific
17/04/2020,Russia,32008,273,2590,29145,Europe
17/04/2020,US,701996,38056,58545,605395,Americas
17/04/2020,United Kingdom,117798,16923,394,100481,Europe
18/04/2020,Australia,6568,67,4124,2377,Western Pacific
18/04/2020,Canada,34343,1400,0,32943,Americas
18/04/2020,China,83787,4636,76044,3107,Western Pacific
18/04/2020,France,148086,19325,35983,92778,Europe
18/04/2020,India,15722,521,2463,12738,South-East Asia
18/04/2020,Italy,175925,23227,44927,107771,Europe
18/04/2020,New Zealand,1422,11,867,544,Western Pacific
18/04/2020,Russia,36793,313,3057,33423,Europe
18/04/2020,US,730337,40442,64840,625055,Americas
18/04/2020,United Kingdom,122534,18041,414,104079,Europe
19/04/2020,Australia,6610,67,4124,2419,Western Pacific
19/04/2020,Canada,35620,1564,0,34056,Americas
19/04/2020,China,83805,4636,76120,3049,Western Pacific
19/04/2020,France,153011,19720,36578,96713,Europe
19/04/2020,India,17615,559,2854,14202,South-East Asia
19/04/2020,Italy,178972,23660,47055,108257,Europe
19/04/2020,New Zealand,1431,12,912,507,Western Pacific
19/04/2020,Russia,42853,361,3291,39201,Europe
19/04/2020,US,756375,41671,70337,644367,Americas
19/04/2020,United Kingdom,126394,18540,436,107418,Europe
20/04/2020,Australia,6623,67,4291,2265,Western Pacific
20/04/2020,Canada,37645,1726,0,35919,Americas
20/04/2020,China,83817,4636,76174,3007,Western Pacific
20/04/2020,France,155393,20267,37409,97717,Europe
20/04/2020,India,18539,592,3273,14674,South-East Asia
20/04/2020,Italy,181228,24114,48877,108237,Europe
20/04/2020,New Zealand,1440,12,974,454,Western Pacific
20/04/2020,Russia,47121,405,3446,43270,Europe
20/04/2020,US,783716,43466,72329,667921,Americas
20/04/2020,United Kingdom,131260,19105,446,111709,Europe
21/04/2020,Australia,6645,67,4695,1883,Western Pacific
21/04/2020,Canada,39389,1909,0,37480,Americas
21/04/2020,China,83853,4636,76228,2989,Western Pacific
21/04/2020,France,158168,20798,39181,98189,Europe
21/04/2020,India,20080,645,3975,15460,South-East Asia
21/04/2020,Italy,183957,24648,51600,107709,Europe
21/04/2020,New Zealand,1445,13,1006,426,Western Pacific
21/04/2020,Russia,52763,456,3873,48434,Europe
21/04/2020,US,809318,45923,75204,688191,Americas
21/04/2020,United Kingdom,136035,20278,638,115119,Europe
22/04/2020,Australia,6652,67,4932,1653,Western Pacific
22/04/2020,Canada,41650,2077,0,39573,Americas
22/04/2020,China,83868,4636,76290,2942,Western Pacific
22/04/2020,France,155980,21342,40657,93981,Europe
22/04/2020,India,21370,681,4370,16319,South-East Asia
22/04/2020,Italy,187327,25085,54543,107699,Europe
22/04/2020,New Zealand,1451,14,1036,401,Western Pacific
22/04/2020,Russia,57999,513,4420,53066,Europe
22/04/2020,US,837422,48312,77366,711744,Americas
22/04/2020,United Kingdom,141540,21125,683,119732,Europe
23/04/2020,Australia,6662,75,5047,1540,Western Pacific
23/04/2020,Canada,43286,2240,0,41046,Americas
23/04/2020,China,83884,4636,76412,2836,Western Pacific
23/04/2020,France,158303,21858,42088,94357,Europe
23/04/2020,India,23077,721,5012,17344,South-East Asia
23/04/2020,Italy,189973,25549,57576,106848,Europe
23/04/2020,New Zealand,1456,17,1095,344,Western Pacific
23/04/2020,Russia,62773,555,4891,57327,Europe
23/04/2020,US,871617,50749,80203,740665,Americas
23/04/2020,United Kingdom,146708,21854,712,124142,Europe
24/04/2020,Australia,6677,79,5136,1462,Western Pacific
24/04/2020,Canada,44906,2401,0,42505,Americas
24/04/2020,China,83899,4636,76537,2726,Western Pacific
24/04/2020,France,159952,22248,43493,94211,Europe
24/04/2020,India,24530,780,5498,18252,South-East Asia
24/04/2020,Italy,192994,25969,60498,106527,Europe
24/04/2020,New Zealand,1461,18,1118,325,Western Pacific
24/04/2020,Russia,68622,615,5568,62439,Europe
24/04/2020,US,907908,52867,99079,755962,Americas
24/04/2020,United Kingdom,151689,22868,724,128097,Europe
25/04/2020,Australia,6694,80,5376,1238,Western Pacific
25/04/2020,Canada,46358,2570,0,43788,Americas
25/04/2020,China,83909,4636,76603,2670,Western Pacific
25/04/2020,France,161644,22617,44594,94433,Europe
25/04/2020,India,26283,825,5939,19519,South-East Asia
25/04/2020,Italy,195351,26384,63120,105847,Europe
25/04/2020,New Zealand,1470,18,1142,310,Western Pacific
25/04/2020,Russia,74588,681,6250,67657,Europe
25/04/2020,US,940829,54517,100372,785940,Americas
25/04/2020,United Kingdom,155453,23712,774,130967,Europe
26/04/2020,Australia,6714,83,5541,1090,Western Pacific
26/04/2020,Canada,48020,2686,0,45334,Americas
26/04/2020,China,83912,4637,76705,2570,Western Pacific
26/04/2020,France,162220,22859,44903,94458,Europe
26/04/2020,India,27890,881,6523,20486,South-East Asia
26/04/2020,Italy,197675,26644,64928,106103,Europe
26/04/2020,New Zealand,1469,19,1180,270,Western Pacific
26/04/2020,Russia,80949,747,6767,73435,Europe
26/04/2020,US,968518,55810,106988,805720,Americas
26/04/2020,United Kingdom,158926,24132,778,134016,Europe
27/04/2020,Australia,6721,83,5588,1050,Western Pacific
27/04/2020,Canada,49603,2840,0,46763,Americas
27/04/2020,China,83918,4637,76802,2479,Western Pacific
27/04/2020,France,165963,23296,45513,97154,Europe
27/04/2020,India,29451,939,7137,21375,South-East Asia
27/04/2020,Italy,199414,26977,66624,105813,Europe
27/04/2020,New Zealand,1472,19,1214,239,Western Pacific
27/04/2020,Russia,87147,794,7346,79007,Europe
27/04/2020,US,990983,57235,111424,822324,Americas
27/04/2020,United Kingdom,163630,24473,807,138350,Europe
28/04/2020,Australia,6744,89,5665,990,Western Pacific
28/04/2020,Canada,51137,2982,0,48155,Americas
28/04/2020,China,83940,4637,76850,2453,Western Pacific
28/04/2020,France,169053,23663,46886,98504,Europe
28/04/2020,India,31324,1008,7747,22569,South-East Asia
28/04/2020,Italy,201505,27359,68941,105205,Europe
28/04/2020,New Zealand,1474,19,1229,226,Western Pacific
28/04/2020,Russia,93558,867,8456,84235,Europe
28/04/2020,US,1015518,59454,115936,840128,Americas
28/04/2020,United Kingdom,168357,25386,813,142158,Europe
29/04/2020,Australia,6752,91,5715,946,Western Pacific
29/04/2020,Canada,52852,3154,0,49698,Americas
29/04/2020,China,83944,4637,76902,2405,Western Pacific
29/04/2020,France,166543,24090,48228,94225,Europe
29/04/2020,India,33062,1079,8437,23546,South-East Asia
29/04/2020,Italy,203591,27682,71252,104657,Europe
29/04/2020,New Zealand,1476,19,1241,216,Western Pacific
29/04/2020,Russia,99399,972,10286,88141,Europe
29/04/2020,US,1043038,61960,120720,860358,Americas
29/04/2020,United Kingdom,173807,26183,857,146767,Europe
30/04/2020,Australia,6766,93,5742,931,Western Pacific
30/04/2020,Canada,54444,3309,0,51135,Americas
30/04/2020,China,83956,4637,76951,2368,Western Pacific
30/04/2020,France,167299,24379,49476,93444,Europe
30/04/2020,India,34863,1154,9068,24641,South-East Asia
30/04/2020,Italy,205463,27967,75945,101551,Europe
30/04/2020,New Zealand,1479,19,1252,208,Western Pacific
30/04/2020,Russia,106498,1073,11619,93806,Europe
30/04/2020,US,1072667,64256,153947,854464,Americas
30/04/2020,United Kingdom,178771,26859,859,151053,Europe
1/05/2020,Australia,6778,93,5775,910,Western Pacific
1/05/2020,Canada,56329,3536,0,52793,Americas
1/05/2020,China,83959,4637,77001,2321,Western Pacific
1/05/2020,France,167305,24597,50212,92496,Europe
1/05/2020,India,37257,1223,10007,26027,South-East Asia
1/05/2020,Italy,207428,28236,78249,100943,Europe
1/05/2020,New Zealand,1485,20,1263,202,Western Pacific
1/05/2020,Russia,114431,1169,13220,100042,Europe
1/05/2020,US,1106829,66125,164015,876689,Americas
1/05/2020,United Kingdom,183501,27601,892,155008,Europe
2/05/2020,Australia,6799,94,5814,891,Western Pacific
2/05/2020,Canada,57912,3683,0,54229,Americas
2/05/2020,China,83959,4637,77014,2308,Western Pacific
2/05/2020,France,168518,24763,50663,93092,Europe
2/05/2020,India,39699,1323,10819,27557,South-East Asia
2/05/2020,Italy,209328,28710,79914,100704,Europe
2/05/2020,New Zealand,1487,20,1266,201,Western Pacific
2/05/2020,Russia,124054,1222,15013,107819,Europe
2/05/2020,US,1136024,67681,175382,892961,Americas
2/05/2020,United Kingdom,186731,28223,896,157612,Europe
3/05/2020,Australia,6822,95,5849,878,Western Pacific
3/05/2020,Canada,60490,3794,0,56696,Americas
3/05/2020,China,83964,4637,77112,2215,Western Pacific
3/05/2020,France,168925,24900,50885,93140,Europe
3/05/2020,India,42505,1391,11775,29339,South-East Asia
3/05/2020,Italy,210717,28884,81654,100179,Europe
3/05/2020,New Zealand,1487,20,1276,191,Western Pacific
3/05/2020,Russia,134687,1280,16639,116768,Europe
3/05/2020,US,1161611,68777,180152,912682,Americas
3/05/2020,United Kingdom,189708,28538,901,160269,Europe
4/05/2020,Australia,6847,96,5887,864,Western Pacific
4/05/2020,Canada,61943,4002,0,57941,Americas
4/05/2020,China,83966,4637,77218,2111,Western Pacific
4/05/2020,France,169583,25204,51476,92903,Europe
4/05/2020,India,46437,1566,12847,32024,South-East Asia
4/05/2020,Italy,211938,29079,82879,99980,Europe
4/05/2020,New Zealand,1486,20,1302,164,Western Pacific
4/05/2020,Russia,145268,1356,18095,125817,Europe
4/05/2020,US,1184086,70086,187180,926820,Americas
4/05/2020,United Kingdom,193091,28827,910,163354,Europe
5/05/2020,Australia,6875,97,5975,803,Western Pacific
5/05/2020,Canada,63201,4189,0,59012,Americas
5/05/2020,China,83968,4637,77296,2035,Western Pacific
5/05/2020,France,170687,25537,52842,92308,Europe
5/05/2020,India,49400,1693,14142,33565,South-East Asia
5/05/2020,Italy,213013,29315,85231,98467,Europe
5/05/2020,New Zealand,1488,21,1316,151,Western Pacific
5/05/2020,Russia,155370,1451,19865,134054,Europe
5/05/2020,US,1208271,72393,189791,946087,Americas
5/05/2020,United Kingdom,196780,29520,926,166334,Europe
6/05/2020,Australia,6894,97,6031,766,Western Pacific
6/05/2020,Canada,64680,4365,0,60315,Americas
6/05/2020,China,83970,4637,77355,1978,Western Pacific
6/05/2020,France,174224,25812,54079,94333,Europe
6/05/2020,India,52987,1785,15331,35871,South-East Asia
6/05/2020,Italy,214457,29684,93245,91528,Europe
6/05/2020,New Zealand,1489,21,1332,136,Western Pacific
6/05/2020,Russia,165929,1537,21327,143065,Europe
6/05/2020,US,1233527,74851,189910,968766,Americas
6/05/2020,United Kingdom,200616,30172,934,169510,Europe
7/05/2020,Australia,6913,97,6078,738,Western Pacific
7/05/2020,Canada,66187,4540,0,61647,Americas
7/05/2020,China,83975,4637,77403,1935,Western Pacific
7/05/2020,France,174918,25990,55191,93737,Europe
7/05/2020,India,56351,1889,16776,37686,South-East Asia
7/05/2020,Italy,215858,29958,96276,89624,Europe
7/05/2020,New Zealand,1490,21,1347,122,Western Pacific
7/05/2020,Russia,177160,1625,23803,151732,Europe
7/05/2020,US,1261409,76770,195036,989603,Americas
7/05/2020,United Kingdom,204387,30712,970,172705,Europe
8/05/2020,Australia,6918,97,6122,699,Western Pacific
8/05/2020,Canada,67660,4696,0,62964,Americas
8/05/2020,China,83976,4637,77419,1920,Western Pacific
8/05/2020,France,176202,26233,55892,94077,Europe
8/05/2020,India,59695,1985,17887,39823,South-East Asia
8/05/2020,Italy,217185,30201,99023,87961,Europe
8/05/2020,New Zealand,1492,21,1368,103,Western Pacific
8/05/2020,Russia,187859,1723,26608,159528,Europe
8/05/2020,US,1288587,78497,198993,1011097,Americas
8/05/2020,United Kingdom,207439,31340,997,175102,Europe
9/05/2020,Australia,6939,97,6141,701,Western Pacific
9/05/2020,Canada,68904,4822,0,64082,Americas
9/05/2020,China,83990,4637,77552,1801,Western Pacific
9/05/2020,France,176782,26313,56148,94321,Europe
9/05/2020,India,62808,2101,19301,41406,South-East Asia
9/05/2020,Italy,218268,30395,103031,84842,Europe
9/05/2020,New Zealand,1494,21,1371,102,Western Pacific
9/05/2020,Russia,198676,1827,31916,164933,Europe
9/05/2020,US,1314320,79976,212534,1021810,Americas
9/05/2020,United Kingdom,209589,31685,1001,176903,Europe
10/05/2020,Australia,6948,97,6167,684,Western Pacific
10/05/2020,Canada,70077,4990,0,65087,Americas
10/05/2020,China,84010,4637,77592,1781,Western Pacific
10/05/2020,France,177094,26383,56327,94384,Europe
10/05/2020,India,67161,2212,20969,43980,South-East Asia
10/05/2020,Italy,219070,30560,105186,83324,Europe
10/05/2020,New Zealand,1497,21,1386,90,Western Pacific
10/05/2020,Russia,209688,1915,34306,173467,Europe
10/05/2020,US,1334084,80855,216169,1037060,Americas
10/05/2020,United Kingdom,211911,31954,1002,178955,Europe
11/05/2020,Australia,6970,97,6213,660,Western Pacific
11/05/2020,Canada,71250,5114,0,66136,Americas
11/05/2020,China,84011,4637,77623,1751,Western Pacific
11/05/2020,France,177547,26646,56835,94066,Europe
11/05/2020,India,70768,2294,22549,45925,South-East Asia
11/05/2020,Italy,219814,30739,106587,82488,Europe
11/05/2020,New Zealand,1497,21,1398,78,Western Pacific
11/05/2020,Russia,221344,2009,39801,179534,Europe
11/05/2020,US,1352962,81868,232733,1038361,Americas
11/05/2020,United Kingdom,215500,32166,1015,182319,Europe
12/05/2020,Australia,6980,98,6270,612,Western Pacific
12/05/2020,Canada,72405,5299,0,67106,Americas
12/05/2020,China,84018,4637,77647,1734,Western Pacific
12/05/2020,France,178349,26994,57898,93457,Europe
12/05/2020,India,74292,2415,24420,47457,South-East Asia
12/05/2020,Italy,221216,30911,109039,81266,Europe
12/05/2020,New Zealand,1497,21,1402,74,Western Pacific
12/05/2020,Russia,232243,2116,43512,186615,Europe
12/05/2020,US,1375152,83483,230287,1061382,Americas
12/05/2020,United Kingdom,218895,32797,1023,185075,Europe
13/05/2020,Australia,6989,98,6297,594,Western Pacific
13/05/2020,Canada,73554,5424,0,68130,Americas
13/05/2020,China,84024,4637,77671,1716,Western Pacific
13/05/2020,France,178184,27077,58786,92321,Europe
13/05/2020,India,78055,2551,26400,49104,South-East Asia
13/05/2020,Italy,222104,31106,112541,78457,Europe
13/05/2020,New Zealand,1497,21,1411,65,Western Pacific
13/05/2020,Russia,242271,2212,48003,192056,Europe
13/05/2020,US,1396110,85234,243430,1067446,Americas
13/05/2020,United Kingdom,222195,33294,1032,187869,Europe
14/05/2020,Australia,7019,98,6334,587,Western Pacific
14/05/2020,Canada,74767,5591,0,69176,Americas
14/05/2020,China,84029,4637,77686,1706,Western Pacific
14/05/2020,France,178994,27428,59719,91847,Europe
14/05/2020,India,81997,2649,27969,51379,South-East Asia
14/05/2020,Italy,223096,31368,115288,76440,Europe
14/05/2020,New Zealand,1498,21,1421,56,Western Pacific
14/05/2020,Russia,252245,2305,53530,196410,Europe
14/05/2020,US,1423727,87008,246414,1090305,Americas
14/05/2020,United Kingdom,224813,33723,1043,190047,Europe
15/05/2020,Australia,7035,98,6359,578,Western Pacific
15/05/2020,Canada,75945,5678,0,70267,Americas
15/05/2020,China,84038,4637,77706,1695,Western Pacific
15/05/2020,France,179630,27532,60562,91536,Europe
15/05/2020,India,85784,2753,30258,52773,South-East Asia
15/05/2020,Italy,223885,31610,120205,72070,Europe
15/05/2020,New Zealand,1498,21,1428,49,Western Pacific
15/05/2020,Russia,262843,2418,58226,202199,Europe
15/05/2020,US,1449027,88669,250747,1109611,Americas
15/05/2020,United Kingdom,227334,34108,1047,192179,Europe
16/05/2020,Australia,7044,98,6364,582,Western Pacific
16/05/2020,Canada,77192,5799,0,71393,Americas
16/05/2020,China,84044,4638,77718,1688,Western Pacific
16/05/2020,France,179630,27532,60562,91536,Europe
16/05/2020,India,90648,2871,34224,53553,South-East Asia
16/05/2020,Italy,224760,31763,122810,70187,Europe
16/05/2020,New Zealand,1499,21,1433,45,Western Pacific
16/05/2020,Russia,272043,2537,63166,206340,Europe
16/05/2020,US,1474128,89892,268376,1115860,Americas
16/05/2020,United Kingdom,229406,34588,1058,193760,Europe
17/05/2020,Australia,7054,99,6392,563,Western Pacific
17/05/2020,Canada,78318,5902,0,72416,Americas
17/05/2020,China,84054,4638,77730,1686,Western Pacific
17/05/2020,France,179693,28111,61327,90255,Europe
17/05/2020,India,95698,3025,36795,55878,South-East Asia
17/05/2020,Italy,225435,31908,125176,68351,Europe
17/05/2020,New Zealand,1499,21,1433,45,Western Pacific
17/05/2020,Russia,281752,2631,67373,211748,Europe
17/05/2020,US,1493132,90644,272265,1130223,Americas
17/05/2020,United Kingdom,231232,34758,1058,195416,Europe
18/05/2020,Australia,7068,99,6413,556,Western Pacific
18/05/2020,Canada,79397,5959,0,73438,Americas
18/05/2020,China,84063,4638,77734,1691,Western Pacific
18/05/2020,France,180051,28242,61843,89966,Europe
18/05/2020,India,100328,3156,39233,57939,South-East Asia
18/05/2020,Italy,225886,32007,127326,66553,Europe
18/05/2020,New Zealand,1499,21,1433,45,Western Pacific
18/05/2020,Russia,290678,2722,70209,217747,Europe
18/05/2020,US,1514901,91414,283178,1140309,Americas
18/05/2020,United Kingdom,233809,34918,1090,197801,Europe
19/05/2020,Australia,7072,100,6431,541,Western Pacific
19/05/2020,Canada,80479,6027,0,74452,Americas
19/05/2020,China,84063,4638,77734,1691,Western Pacific
19/05/2020,France,180933,28025,62678,90230,Europe
19/05/2020,India,106475,3302,42309,60864,South-East Asia
19/05/2020,Italy,226699,32169,129401,65129,Europe
19/05/2020,New Zealand,1503,21,1447,35,Western Pacific
19/05/2020,Russia,299941,2837,76130,220974,Europe
19/05/2020,US,1535350,92965,289392,1152993,Americas
19/05/2020,United Kingdom,236867,35467,1099,200301,Europe
20/05/2020,Australia,7081,100,6470,511,Western Pacific
20/05/2020,Canada,81561,6149,0,75412,Americas
20/05/2020,China,84063,4638,77734,1691,Western Pacific
20/05/2020,France,181700,28135,63472,90093,Europe
20/05/2020,India,112028,3434,45422,63172,South-East Asia
20/05/2020,Italy,227364,32330,132282,62752,Europe
20/05/2020,New Zealand,1503,21,1452,30,Western Pacific
20/05/2020,Russia,308705,2972,85392,220341,Europe
20/05/2020,US,1559157,94533,294312,1170312,Americas
20/05/2020,United Kingdom,239579,35837,1116,202626,Europe
21/05/2020,Australia,7095,101,6478,516,Western Pacific
21/05/2020,Canada,82728,6266,0,76462,Americas
21/05/2020,China,84063,4638,77734,1691,Western Pacific
21/05/2020,France,181951,28218,63976,89757,Europe
21/05/2020,India,118226,3584,48553,66089,South-East Asia
21/05/2020,Italy,228006,32486,134560,60960,Europe
21/05/2020,New Zealand,1504,21,1455,28,Western Pacific
21/05/2020,Russia,317554,3099,92681,221774,Europe
21/05/2020,US,1584512,95756,298418,1190338,Americas
21/05/2020,United Kingdom,242133,36175,1134,204824,Europe
22/05/2020,Australia,7099,101,6485,513,Western Pacific
22/05/2020,Canada,83933,6359,0,77574,Americas
22/05/2020,China,84081,4638,77756,1687,Western Pacific
22/05/2020,France,182354,28292,64327,89735,Europe
22/05/2020,India,124794,3726,51824,69244,South-East Asia
22/05/2020,Italy,228658,32616,136720,59322,Europe
22/05/2020,New Zealand,1504,21,1455,28,Western Pacific
22/05/2020,Russia,326448,3249,99825,223374,Europe
22/05/2020,US,1608653,97025,350135,1161493,Americas
22/05/2020,United Kingdom,244174,36533,1142,206499,Europe
23/05/2020,Australia,7114,102,6508,504,Western Pacific
23/05/2020,Canada,85137,6465,0,78672,Americas
23/05/2020,China,84084,4638,77759,1687,Western Pacific
23/05/2020,France,182694,28335,64665,89694,Europe
23/05/2020,India,131423,3868,54385,73170,South-East Asia
23/05/2020,Italy,229327,32735,138840,57752,Europe
23/05/2020,New Zealand,1504,21,1456,27,Western Pacific
23/05/2020,Russia,335882,3388,107936,224558,Europe
23/05/2020,US,1630476,98146,361239,1171091,Americas
23/05/2020,United Kingdom,245682,36816,1149,207717,Europe
24/05/2020,Australia,7114,102,6531,481,Western Pacific
24/05/2020,Canada,86092,6533,0,79559,Americas
24/05/2020,China,84095,4638,77767,1690,Western Pacific
24/05/2020,France,182709,28370,64735,89604,Europe
24/05/2020,India,138536,4024,57692,76820,South-East Asia
24/05/2020,Italy,229858,32785,140479,56594,Europe
24/05/2020,New Zealand,1504,21,1456,27,Western Pacific
24/05/2020,Russia,344481,3541,113299,227641,Europe
24/05/2020,US,1651289,98754,366736,1185799,Americas
24/05/2020,United Kingdom,247037,37257,1151,208629,Europe
25/05/2020,Australia,7126,102,6552,472,Western Pacific
25/05/2020,Canada,87105,6654,0,80451,Americas
25/05/2020,China,84102,4638,77776,1688,Western Pacific
25/05/2020,France,183067,28460,65317,89290,Europe
25/05/2020,India,144950,4172,60706,80072,South-East Asia
25/05/2020,Italy,230158,32877,141981,55300,Europe
25/05/2020,New Zealand,1504,21,1461,22,Western Pacific
25/05/2020,Russia,353427,3633,118798,230996,Europe
25/05/2020,US,1670280,99267,379157,1191856,Americas
25/05/2020,United Kingdom,248650,37379,1161,210110,Europe
26/05/2020,Australia,7139,103,6560,476,Western Pacific
26/05/2020,Canada,88076,6752,0,81324,Americas
26/05/2020,China,84103,4638,77782,1683,Western Pacific
26/05/2020,France,182847,28533,65997,88317,Europe
26/05/2020,India,150793,4344,64277,82172,South-East Asia
26/05/2020,Italy,230555,32955,144658,52942,Europe
26/05/2020,New Zealand,1504,21,1462,21,Western Pacific
26/05/2020,Russia,362342,3807,131129,227406,Europe
26/05/2020,US,1689163,99952,384902,1204309,Americas
26/05/2020,United Kingdom,250309,37515,1161,211633,Europe
27/05/2020,Australia,7150,103,6579,468,Western Pacific
27/05/2020,Canada,88975,6875,0,82100,Americas
27/05/2020,China,84106,4638,77791,1677,Western Pacific
27/05/2020,France,183038,28599,66702,87737,Europe
27/05/2020,India,158086,4534,67749,85803,South-East Asia
27/05/2020,Italy,231139,33072,147101,50966,Europe
27/05/2020,New Zealand,1504,22,1474,8,Western Pacific
27/05/2020,Russia,370680,3968,142208,224504,Europe
27/05/2020,US,1707445,101461,391508,1214476,Americas
27/05/2020,United Kingdom,252118,37958,1166,212994,Europe
28/05/2020,Australia,7165,103,6576,486,Western Pacific
28/05/2020,Canada,89962,6981,0,82981,Americas
28/05/2020,China,84106,4638,77795,1673,Western Pacific
28/05/2020,France,186364,28665,67309,90390,Europe
28/05/2020,India,165386,4711,70920,89755,South-East Asia
28/05/2020,Italy,231732,33142,150604,47986,Europe
28/05/2020,New Zealand,1504,22,1481,1,Western Pacific
28/05/2020,Russia,379051,4142,150993,223916,Europe
28/05/2020,US,1730260,102643,399991,1227626,Americas
28/05/2020,United Kingdom,253854,38374,1167,214313,Europe
29/05/2020,Australia,7184,103,6605,476,Western Pacific
29/05/2020,Canada,90895,7062,0,83833,Americas
29/05/2020,China,84123,4638,77806,1679,Western Pacific
29/05/2020,France,186923,28717,67921,90285,Europe
29/05/2020,India,173491,4980,82627,85884,South-East Asia
29/05/2020,Italy,232248,33229,152844,46175,Europe
29/05/2020,New Zealand,1504,22,1481,1,Western Pacific
29/05/2020,Russia,387623,4374,159257,223992,Europe
29/05/2020,US,1754764,103809,406446,1244509,Americas
29/05/2020,United Kingdom,255362,38747,1172,215443,Europe
30/05/2020,Australia,7192,103,6614,475,Western Pacific
30/05/2020,Canada,91667,7158,0,84509,Americas
30/05/2020,China,84128,4638,77810,1680,Western Pacific
30/05/2020,France,188752,28774,68386,91592,Europe
30/05/2020,India,181827,5185,86936,89706,South-East Asia
30/05/2020,Italy,232664,33340,155633,43691,Europe
30/05/2020,New Zealand,1504,22,1481,1,Western Pacific
30/05/2020,Russia,396575,4555,167469,224551,Europe
30/05/2020,US,1779214,104778,416461,1257975,Americas
30/05/2020,United Kingdom,256469,38977,1187,216305,Europe
31/05/2020,Australia,7202,103,6618,481,Western Pacific
31/05/2020,Canada,92465,7373,0,85092,Americas
31/05/2020,China,84146,4638,77813,1695,Western Pacific
31/05/2020,France,189009,28805,68473,91731,Europe
31/05/2020,India,190609,5408,91852,93349,South-East Asia
31/05/2020,Italy,232997,33415,157507,42075,Europe
31/05/2020,New Zealand,1504,22,1481,1,Western Pacific
31/05/2020,Russia,405843,4693,171883,229267,Europe
31/05/2020,US,1799124,105364,444758,1249002,Americas
31/05/2020,United Kingdom,257539,39092,1190,217257,Europe
1/06/2020,Australia,7221,102,6626,493,Western Pacific
1/06/2020,Canada,93274,7403,0,85871,Americas
1/06/2020,China,84154,4638,77822,1694,Western Pacific
1/06/2020,France,189348,28836,68558,91954,Europe
1/06/2020,India,198370,5608,95754,97008,South-East Asia
1/06/2020,Italy,233197,33475,158355,41367,Europe
1/06/2020,New Zealand,1504,22,1481,1,Western Pacific
1/06/2020,Russia,414328,4849,175514,233965,Europe
1/06/2020,US,1816479,106136,458231,1252112,Americas
1/06/2020,United Kingdom,258983,39203,1221,218559,Europe
2/06/2020,Australia,7229,102,6636,491,Western Pacific
2/06/2020,Canada,93947,7477,0,86470,Americas
2/06/2020,China,84161,4638,77824,1699,Western Pacific
2/06/2020,France,188582,28943,68930,90709,Europe
2/06/2020,India,207191,5829,100285,101077,South-East Asia
2/06/2020,Italy,233515,33530,160092,39893,Europe
2/06/2020,New Zealand,1504,22,1481,1,Western Pacific
2/06/2020,Russia,423186,5031,186602,231553,Europe
2/06/2020,US,1837374,107169,463868,1266337,Americas
2/06/2020,United Kingdom,260453,39530,1224,219699,Europe
3/06/2020,Australia,7240,102,6648,490,Western Pacific
3/06/2020,Canada,94628,7578,0,87050,Americas
3/06/2020,China,84160,4638,77828,1694,Western Pacific
3/06/2020,France,188934,29024,69573,90337,Europe
3/06/2020,India,216824,6088,104071,106665,South-East Asia
3/06/2020,Italy,233836,33601,160938,39297,Europe
3/06/2020,New Zealand,1504,22,1481,1,Western Pacific
3/06/2020,Russia,431715,5208,195559,230948,Europe
3/06/2020,US,1857332,108159,479258,1269915,Americas
3/06/2020,United Kingdom,261802,39895,1212,220695,Europe
4/06/2020,Australia,7247,102,6683,462,Western Pacific
4/06/2020,Canada,95256,7716,0,87540,Americas
4/06/2020,China,84171,4638,77839,1694,Western Pacific
4/06/2020,France,189701,29068,70094,90539,Europe
4/06/2020,India,226713,6363,108450,111900,South-East Asia
4/06/2020,Italy,234013,33689,161895,38429,Europe
4/06/2020,New Zealand,1504,22,1481,1,Western Pacific
4/06/2020,Russia,440538,5376,204197,230965,Europe
4/06/2020,US,1878683,109168,485002,1284513,Americas
4/06/2020,United Kingdom,263040,40072,1219,221749,Europe
5/06/2020,Australia,7252,102,6688,462,Western Pacific
5/06/2020,Canada,95934,7777,0,88157,Americas
5/06/2020,China,84177,4638,77844,1695,Western Pacific
5/06/2020,France,190312,29114,70622,90576,Europe
5/06/2020,India,236184,6649,113233,116302,South-East Asia
5/06/2020,Italy,234531,33774,163781,36976,Europe
5/06/2020,New Zealand,1504,22,1481,1,Western Pacific
5/06/2020,Russia,449256,5520,212237,231499,Europe
5/06/2020,US,1903907,110138,491706,1302063,Americas
5/06/2020,United Kingdom,264150,40430,1228,222492,Europe
6/06/2020,Australia,7259,102,6703,454,Western Pacific
6/06/2020,Canada,96462,7849,0,88613,Americas
6/06/2020,China,84186,4638,77848,1700,Western Pacific
6/06/2020,France,190891,29145,70924,90822,Europe
6/06/2020,India,246622,6946,118695,120981,South-East Asia
6/06/2020,Italy,234801,33846,165078,35877,Europe
6/06/2020,New Zealand,1504,22,1481,1,Western Pacific
6/06/2020,Russia,458102,5717,220935,231450,Europe
6/06/2020,US,1926639,110818,500849,1314972,Americas
6/06/2020,United Kingdom,264944,40637,1230,223077,Europe
7/06/2020,Australia,7265,102,6706,457,Western Pacific
7/06/2020,Canada,97165,7876,0,89289,Americas
7/06/2020,China,84191,4638,77858,1695,Western Pacific
7/06/2020,France,191234,29158,70961,91115,Europe
7/06/2020,India,257486,7207,123848,126431,South-East Asia
7/06/2020,Italy,234998,33899,165837,35262,Europe
7/06/2020,New Zealand,1504,22,1482,0,Western Pacific
7/06/2020,Russia,467073,5851,226272,234950,Europe
7/06/2020,US,1944370,111269,506367,1326734,Americas
7/06/2020,United Kingdom,265662,40714,1239,223709,Europe
8/06/2020,Australia,7267,102,6720,445,Western Pacific
8/06/2020,Canada,97766,7909,0,89857,Americas
8/06/2020,China,84195,4638,77868,1689,Western Pacific
8/06/2020,France,191445,29212,71182,91051,Europe
8/06/2020,India,265928,7473,129095,129360,South-East Asia
8/06/2020,Italy,235278,33964,166584,34730,Europe
8/06/2020,New Zealand,1504,22,1482,0,Western Pacific
8/06/2020,Russia,476043,5963,230226,239854,Europe
8/06/2020,US,1961785,111774,518522,1331489,Americas
8/06/2020,United Kingdom,266756,40769,1255,224732,Europe
9/06/2020,Australia,7274,102,6740,432,Western Pacific
9/06/2020,Canada,98228,7969,0,90259,Americas
9/06/2020,China,84198,4638,77875,1685,Western Pacific
9/06/2020,France,191849,29299,71626,90924,Europe
9/06/2020,India,276146,7750,134670,133726,South-East Asia
9/06/2020,Italy,235561,34043,168646,32872,Europe
9/06/2020,New Zealand,1504,22,1482,0,Western Pacific
9/06/2020,Russia,484630,6134,241917,236579,Europe
9/06/2020,US,1979912,112714,524855,1342343,Americas
9/06/2020,United Kingdom,267915,41060,1257,225598,Europe
10/06/2020,Australia,7285,102,6759,424,Western Pacific
10/06/2020,Canada,98707,8037,0,90670,Americas
10/06/2020,China,84209,4638,77880,1691,Western Pacific
10/06/2020,France,192394,29322,71952,91120,Europe
10/06/2020,India,286605,8102,135206,143297,South-East Asia
10/06/2020,Italy,235763,34114,169939,31710,Europe
10/06/2020,New Zealand,1504,22,1482,0,Western Pacific
10/06/2020,Russia,493023,6350,252295,234378,Europe
10/06/2020,US,2000706,113631,533504,1353571,Americas
10/06/2020,United Kingdom,269101,41310,1269,226522,Europe
11/06/2020,Australia,7289,102,6782,405,Western Pacific
11/06/2020,Canada,99146,8070,0,91076,Americas
11/06/2020,China,84216,4638,77888,1690,Western Pacific
11/06/2020,France,192819,29349,72269,91201,Europe
11/06/2020,India,297535,8498,147195,141842,South-East Asia
11/06/2020,Italy,236142,34167,171338,30637,Europe
11/06/2020,New Zealand,1504,22,1482,0,Western Pacific
11/06/2020,Russia,501800,6522,260649,234629,Europe
11/06/2020,US,2023656,114512,540292,1368852,Americas
11/06/2020,United Kingdom,270108,41462,1278,227368,Europe
12/06/2020,Australia,7294,102,6803,389,Western Pacific
12/06/2020,Canada,99582,8124,0,91458,Americas
12/06/2020,China,84228,4638,77896,1694,Western Pacific
12/06/2020,France,193546,29377,72695,91474,Europe
12/06/2020,India,308993,8884,154330,145779,South-East Asia
12/06/2020,Italy,236305,34223,173085,28997,Europe
12/06/2020,New Zealand,1504,22,1482,0,Western Pacific
12/06/2020,Russia,510761,6705,268862,235194,Europe
12/06/2020,US,2048986,115334,547386,1386266,Americas
12/06/2020,United Kingdom,271162,41666,1282,228214,Europe
13/06/2020,Australia,7320,102,6838,380,Western Pacific
13/06/2020,Canada,100030,8182,0,91848,Americas
13/06/2020,China,84286,4638,77899,1749,Western Pacific
13/06/2020,France,194072,29401,72931,91740,Europe
13/06/2020,India,320922,9195,162379,149348,South-East Asia
13/06/2020,Italy,236651,34301,174865,27485,Europe
13/06/2020,New Zealand,1504,22,1482,0,Western Pacific
13/06/2020,Russia,519458,6819,274128,238511,Europe
13/06/2020,US,2074542,116084,556606,1401852,Americas
13/06/2020,United Kingdom,272050,41849,1283,228918,Europe
14/06/2020,Australia,7335,102,6851,382,Western Pacific
14/06/2020,Canada,100391,8217,0,92174,Americas
14/06/2020,China,84335,4638,77906,1791,Western Pacific
14/06/2020,France,194479,29410,72982,92087,Europe
14/06/2020,India,332424,9520,169798,153106,South-East Asia
14/06/2020,Italy,236989,34345,176370,26274,Europe
14/06/2020,New Zealand,1504,22,1482,0,Western Pacific
14/06/2020,Russia,528267,6938,279536,241793,Europe
14/06/2020,US,2094366,116382,561816,1416168,Americas
14/06/2020,United Kingdom,272857,41885,1283,229689,Europe
15/06/2020,Australia,7347,102,6856,389,Western Pacific
15/06/2020,Canada,100750,8227,0,92523,Americas
15/06/2020,China,84378,4638,77913,1827,Western Pacific
15/06/2020,France,194631,29439,73168,92024,Europe
15/06/2020,India,343091,9900,180013,153178,South-East Asia
15/06/2020,Italy,237290,34371,177010,25909,Europe
15/06/2020,New Zealand,1506,22,1482,2,Western Pacific
15/06/2020,Russia,536484,7081,284021,245382,Europe
15/06/2020,US,2114026,116773,576334,1420919,Americas
15/06/2020,United Kingdom,273888,41923,1284,230681,Europe
16/06/2020,Australia,7370,102,6861,407,Western Pacific
16/06/2020,Canada,101074,8270,0,92804,Americas
16/06/2020,China,84422,4638,77917,1867,Western Pacific
16/06/2020,France,194975,29550,73459,91966,Europe
16/06/2020,India,354065,11903,186935,155227,South-East Asia
16/06/2020,Italy,237500,34405,178526,24569,Europe
16/06/2020,New Zealand,1506,22,1482,2,Western Pacific
16/06/2020,Russia,544725,7274,293780,243671,Europe
16/06/2020,US,2137731,117612,583503,1436616,Americas
16/06/2020,United Kingdom,274971,42159,1293,231519,Europe
17/06/2020,Australia,7391,102,6877,412,Western Pacific
17/06/2020,Canada,101478,8311,0,93167,Americas
17/06/2020,China,84458,4638,77934,1886,Western Pacific
17/06/2020,France,195433,29578,73791,92064,Europe
17/06/2020,India,366946,12237,194325,160384,South-East Asia
17/06/2020,Italy,237828,34448,179455,23925,Europe
17/06/2020,New Zealand,1507,22,1482,3,Western Pacific
17/06/2020,Russia,552549,7468,303800,241281,Europe
17/06/2020,US,2163290,118363,592191,1452736,Americas
17/06/2020,United Kingdom,275970,42343,1304,232323,Europe
18/06/2020,Australia,7409,102,6878,429,Western Pacific
18/06/2020,Canada,101864,8360,0,93504,Americas
18/06/2020,China,84494,4638,77939,1917,Western Pacific
18/06/2020,France,195900,29606,74011,92283,Europe
18/06/2020,India,380532,12573,204711,163248,South-East Asia
18/06/2020,Italy,238159,34514,180544,23101,Europe
18/06/2020,New Zealand,1507,22,1482,3,Western Pacific
18/06/2020,Russia,560321,7650,313409,239262,Europe
18/06/2020,US,2191099,119067,599115,1472917,Americas
18/06/2020,United Kingdom,276990,42480,1313,233197,Europe
19/06/2020,Australia,7411,102,6881,428,Western Pacific
19/06/2020,Canada,102301,8407,0,93894,Americas
19/06/2020,China,84494,4638,77939,1917,Western Pacific
19/06/2020,France,196711,29620,74241,92850,Europe
19/06/2020,India,395048,12948,213831,168269,South-East Asia
19/06/2020,Italy,238011,34561,181907,21543,Europe
19/06/2020,New Zealand,1509,22,1482,5,Western Pacific
19/06/2020,Russia,568292,7831,323851,236610,Europe
19/06/2020,US,2222579,119739,606715,1496125,Americas
19/06/2020,United Kingdom,277974,42653,1319,234002,Europe
20/06/2020,Australia,7461,102,6896,463,Western Pacific
20/06/2020,Canada,102749,8465,0,94284,Americas
20/06/2020,China,84553,4639,77958,1956,Western Pacific
20/06/2020,France,197352,29636,74436,93280,Europe
20/06/2020,India,410451,13254,227728,169469,South-East Asia
20/06/2020,Italy,238275,34610,182453,21212,Europe
20/06/2020,New Zealand,1511,22,1482,7,Western Pacific
20/06/2020,Russia,576162,7992,334024,234146,Europe
20/06/2020,US,2255328,120349,617460,1517519,Americas
20/06/2020,United Kingdom,278640,42783,1319,234538,Europe
21/06/2020,Australia,7474,102,6903,469,Western Pacific
21/06/2020,Canada,103065,8481,0,94584,Americas
21/06/2020,China,84572,4639,77959,1974,Western Pacific
21/06/2020,France,197636,29643,74496,93497,Europe
21/06/2020,India,425282,13699,237196,174387,South-East Asia
21/06/2020,Italy,238499,34634,182893,20972,Europe
21/06/2020,New Zealand,1513,22,1482,9,Western Pacific
21/06/2020,Russia,583879,8101,339142,236636,Europe
21/06/2020,US,2281767,120604,622133,1539030,Americas
21/06/2020,United Kingdom,279264,42826,1319,235119,Europe
22/06/2020,Australia,7492,102,6915,475,Western Pacific
22/06/2020,Canada,103405,8493,0,94912,Americas
22/06/2020,China,84624,4639,77970,2015,Western Pacific
22/06/2020,France,198009,29666,74736,93607,Europe
22/06/2020,India,440215,14011,248190,178014,South-East Asia
22/06/2020,Italy,238720,34657,183426,20637,Europe
22/06/2020,New Zealand,1515,22,1483,10,Western Pacific
22/06/2020,Russia,591465,8196,343847,239422,Europe
22/06/2020,US,2312303,121010,640198,1551095,Americas
22/06/2020,United Kingdom,280156,42840,1322,235994,Europe
23/06/2020,Australia,7521,103,6924,494,Western Pacific
23/06/2020,Canada,103754,8511,0,95243,Americas
23/06/2020,China,84653,4640,77978,2035,Western Pacific
23/06/2020,France,198526,29723,74995,93808,Europe
23/06/2020,India,456183,14476,258685,183022,South-East Asia
23/06/2020,Italy,238833,34675,184585,19573,Europe
23/06/2020,New Zealand,1516,22,1483,11,Western Pacific
23/06/2020,Russia,598878,8349,355847,234682,Europe
23/06/2020,US,2347491,121847,647548,1578096,Americas
23/06/2020,United Kingdom,281038,43011,1330,236697,Europe
24/06/2020,Australia,7558,104,6931,523,Western Pacific
24/06/2020,Canada,104074,8543,0,95531,Americas
24/06/2020,China,84673,4640,77985,2048,Western Pacific
24/06/2020,France,198607,29734,75251,93622,Europe
24/06/2020,India,473105,14894,271697,186514,South-East Asia
24/06/2020,Italy,239410,34644,186111,18655,Europe
24/06/2020,New Zealand,1519,22,1484,13,Western Pacific
24/06/2020,Russia,606043,8503,368222,229318,Europe
24/06/2020,US,2382426,122604,656161,1603661,Americas
24/06/2020,United Kingdom,281815,43165,1345,237305,Europe
25/06/2020,Australia,7595,104,6958,533,Western Pacific
25/06/2020,Canada,104450,8566,0,95884,Americas
25/06/2020,China,84701,4641,77994,2066,Western Pacific
25/06/2020,France,198607,29755,75475,93377,Europe
25/06/2020,India,490401,15301,285637,189463,South-East Asia
25/06/2020,Italy,239706,34678,186725,18303,Europe
25/06/2020,New Zealand,1520,22,1484,14,Western Pacific
25/06/2020,Russia,613148,8594,374557,229997,Europe
25/06/2020,US,2422299,125026,663562,1633711,Americas
25/06/2020,United Kingdom,282512,43314,1361,237837,Europe
26/06/2020,Australia,7601,104,6960,537,Western Pacific
26/06/2020,Canada,104616,8570,0,96046,Americas
26/06/2020,China,84725,4641,78000,2084,Western Pacific
26/06/2020,France,200195,29781,75773,94641,Europe
26/06/2020,India,508953,15685,295881,197387,South-East Asia
26/06/2020,Italy,239961,34708,187615,17638,Europe
26/06/2020,New Zealand,1522,22,1484,16,Western Pacific
26/06/2020,Russia,619936,8770,383524,227642,Europe
26/06/2020,US,2467554,125631,670809,1671114,Americas
26/06/2020,United Kingdom,283151,43498,1363,238290,Europe
27/06/2020,Australia,7686,104,6993,589,Western Pacific
27/06/2020,Canada,104865,8575,0,96290,Americas
27/06/2020,China,84743,4641,78006,2096,Western Pacific
27/06/2020,France,200195,29781,75773,94641,Europe
27/06/2020,India,528859,16095,309713,203051,South-East Asia
27/06/2020,Italy,240136,34716,188584,16836,Europe
27/06/2020,New Zealand,1526,22,1484,20,Western Pacific
27/06/2020,Russia,626779,8958,392703,225118,Europe
27/06/2020,US,2510259,126120,679308,1704831,Americas
27/06/2020,United Kingdom,283785,43598,1364,238823,Europe
28/06/2020,Australia,7764,104,7007,653,Western Pacific
28/06/2020,Canada,105180,8581,0,96599,Americas
28/06/2020,China,84757,4641,78022,2094,Western Pacific
28/06/2020,France,199476,29781,75774,93921,Europe
28/06/2020,India,548318,16475,321723,210120,South-East Asia
28/06/2020,Italy,240310,34738,188891,16681,Europe
28/06/2020,New Zealand,1528,22,1484,22,Western Pacific
28/06/2020,Russia,633563,9060,398436,226067,Europe
28/06/2020,US,2549864,126361,685164,1738339,Americas
28/06/2020,United Kingdom,284192,43634,1364,239194,Europe
29/06/2020,Australia,7834,104,7037,693,Western Pacific
29/06/2020,Canada,105817,8627,0,97190,Americas
29/06/2020,China,84780,4641,78031,2108,Western Pacific
29/06/2020,France,201522,29816,76124,95582,Europe
29/06/2020,India,566840,16893,334822,215125,South-East Asia
29/06/2020,Italy,240436,34744,189196,16496,Europe
29/06/2020,New Zealand,1528,22,1484,22,Western Pacific
29/06/2020,Russia,640246,9152,402778,228316,Europe
29/06/2020,US,2590668,126711,705203,1758754,Americas
29/06/2020,United Kingdom,284812,43659,1368,239785,Europe
30/06/2020,Australia,7920,104,7040,776,Western Pacific
30/06/2020,Canada,106084,8649,0,97435,Americas
30/06/2020,China,84785,4641,78044,2100,Western Pacific
30/06/2020,France,202063,29846,76399,95818,Europe
30/06/2020,India,585481,17400,347912,220169,South-East Asia
30/06/2020,Italy,240578,34767,190248,15563,Europe
30/06/2020,New Zealand,1528,22,1484,22,Western Pacific
30/06/2020,Russia,646929,9306,411973,225650,Europe
30/06/2020,US,2636414,127432,720631,1788351,Americas
30/06/2020,United Kingdom,285216,43815,1370,240031,Europe
1/07/2020,Australia,8001,104,7090,807,Western Pacific
1/07/2020,Canada,106275,8677,0,97598,Americas
1/07/2020,China,84816,4641,78062,2113,Western Pacific
1/07/2020,France,202981,29864,76674,96443,Europe
1/07/2020,India,604641,17834,359860,226947,South-East Asia
1/07/2020,Italy,240760,34788,190717,15255,Europe
1/07/2020,New Zealand,1530,22,1490,18,Western Pacific
1/07/2020,Russia,653479,9521,422235,221723,Europe
1/07/2020,US,2687588,128105,729994,1829489,Americas
1/07/2020,United Kingdom,285279,43991,1372,239916,Europe
2/07/2020,Australia,8066,104,7130,832,Western Pacific
2/07/2020,Canada,106630,8699,0,97931,Americas
2/07/2020,China,84830,4641,78077,2112,Western Pacific
2/07/2020,France,203640,29878,76927,96835,Europe
2/07/2020,India,625544,18213,379892,227439,South-East Asia
2/07/2020,Italy,240961,34818,191083,15060,Europe
2/07/2020,New Zealand,1530,22,1490,18,Western Pacific
2/07/2020,Russia,660231,9668,428276,222287,Europe
2/07/2020,US,2742049,128803,781970,1831276,Americas
2/07/2020,United Kingdom,285285,44080,1373,239832,Europe
3/07/2020,Australia,8260,104,7319,837,Western Pacific
3/07/2020,Canada,106949,8721,0,98228,Americas
3/07/2020,China,84838,4641,78090,2107,Western Pacific
3/07/2020,France,204222,29896,77185,97141,Europe
3/07/2020,India,648315,18655,394227,235433,South-East Asia
3/07/2020,Italy,241184,34833,191467,14884,Europe
3/07/2020,New Zealand,1530,22,1490,18,Western Pacific
3/07/2020,Russia,666941,9844,437155,219942,Europe
3/07/2020,US,2795361,129442,790404,1875515,Americas
3/07/2020,United Kingdom,285787,44216,1375,240196,Europe
4/07/2020,Australia,8443,104,7399,940,Western Pacific
4/07/2020,Canada,107172,8731,0,98441,Americas
4/07/2020,China,84857,4641,78115,2101,Western Pacific
4/07/2020,France,204222,29896,77185,97141,Europe
4/07/2020,India,673165,19268,409083,244814,South-East Asia
4/07/2020,Italy,241419,34854,191944,14621,Europe
4/07/2020,New Zealand,1533,22,1490,21,Western Pacific
4/07/2020,Russia,673564,10011,446127,217426,Europe
4/07/2020,US,2841241,129689,894325,1817227,Americas
4/07/2020,United Kingdom,286412,44283,1375,240754,Europe
5/07/2020,Australia,8583,106,7420,1057,Western Pacific
5/07/2020,Canada,107381,8738,0,98643,Americas
5/07/2020,China,84871,4641,78127,2103,Western Pacific
5/07/2020,France,204222,29896,77185,97141,Europe
5/07/2020,India,697413,19693,424433,253287,South-East Asia
5/07/2020,Italy,241611,34861,192108,14642,Europe
5/07/2020,New Zealand,1534,22,1490,22,Western Pacific
5/07/2020,Russia,680283,10145,449995,220143,Europe
5/07/2020,US,2891124,129960,906763,1854401,Americas
5/07/2020,United Kingdom,286931,44305,1375,241251,Europe
6/07/2020,Australia,8755,106,7455,1194,Western Pacific
6/07/2020,Canada,107802,8747,0,99055,Americas
6/07/2020,China,84889,4641,78134,2114,Western Pacific
6/07/2020,France,205597,29923,77444,98230,Europe
6/07/2020,India,719664,20159,439934,259571,South-East Asia
6/07/2020,Italy,241819,34869,192241,14709,Europe
6/07/2020,New Zealand,1536,22,1492,22,Western Pacific
6/07/2020,Russia,686852,10280,453570,223002,Europe
6/07/2020,US,2936077,130285,924148,1881644,Americas
6/07/2020,United Kingdom,287290,44321,1375,241594,Europe
7/07/2020,Australia,8886,106,7487,1293,Western Pacific
7/07/2020,Canada,108010,8764,0,99246,Americas
7/07/2020,China,84917,4641,78163,2113,Western Pacific
7/07/2020,France,206072,29936,77780,98356,Europe
7/07/2020,India,742417,20642,456831,264944,South-East Asia
7/07/2020,Italy,241956,34899,192815,14242,Europe
7/07/2020,New Zealand,1537,22,1492,23,Western Pacific
7/07/2020,Russia,693215,10478,463103,219634,Europe
7/07/2020,US,2996098,131480,936476,1928142,Americas
7/07/2020,United Kingdom,287874,44476,1375,242023,Europe
8/07/2020,Australia,9056,106,7573,1377,Western Pacific
8/07/2020,Canada,108321,8785,0,99536,Americas
8/07/2020,China,84950,4641,78209,2100,Western Pacific
8/07/2020,France,206072,29936,77780,98356,Europe
8/07/2020,India,767296,21129,476378,269789,South-East Asia
8/07/2020,Italy,242149,34914,193640,13595,Europe
8/07/2020,New Zealand,1540,22,1494,24,Western Pacific
8/07/2020,Russia,699749,10650,471718,217381,Europe
8/07/2020,US,3054699,132300,953462,1968937,Americas
8/07/2020,United Kingdom,288511,44602,1378,242531,Europe
9/07/2020,Australia,9374,106,7576,1692,Western Pacific
9/07/2020,Canada,108643,8796,0,99847,Americas
9/07/2020,China,84992,4641,78209,2142,Western Pacific
9/07/2020,France,207356,29982,78295,99079,Europe
9/07/2020,India,793802,21604,495513,276685,South-East Asia
9/07/2020,Italy,242363,34926,193978,13459,Europe
9/07/2020,New Zealand,1542,22,1497,23,Western Pacific
9/07/2020,Russia,706240,10826,480494,214920,Europe
9/07/2020,US,3117946,133290,969111,2015545,Americas
9/07/2020,United Kingdom,289154,44687,1378,243089,Europe
10/07/2020,Australia,9553,107,7733,1713,Western Pacific
10/07/2020,Canada,108971,8810,0,100161,Americas
10/07/2020,China,84992,4641,78209,2142,Western Pacific
10/07/2020,France,208015,30007,78513,99495,Europe
10/07/2020,India,820916,22123,515386,283407,South-East Asia
10/07/2020,Italy,242639,34938,194273,13428,Europe
10/07/2020,New Zealand,1543,22,1497,24,Western Pacific
10/07/2020,Russia,712863,11000,488234,213629,Europe
10/07/2020,US,3185737,134101,983185,2068451,Americas
10/07/2020,United Kingdom,289678,44735,1378,243565,Europe
11/07/2020,Australia,9797,108,7727,1962,Western Pacific
11/07/2020,Canada,109137,8817,0,100320,Americas
11/07/2020,China,85071,4641,78283,2147,Western Pacific
11/07/2020,France,208015,30007,78513,99495,Europe
11/07/2020,India,849522,22673,534618,292231,South-East Asia
11/07/2020,Italy,242827,34945,194579,13303,Europe
11/07/2020,New Zealand,1544,22,1497,25,Western Pacific
11/07/2020,Russia,719449,11188,496594,211667,Europe
11/07/2020,US,3245925,134777,995576,2115572,Americas
11/07/2020,United Kingdom,290504,44883,1378,244243,Europe
12/07/2020,Australia,9980,108,7769,2103,Western Pacific
12/07/2020,Canada,109335,8828,0,100507,Americas
12/07/2020,China,85117,4641,78314,2162,Western Pacific
12/07/2020,France,208015,30007,78513,99495,Europe
12/07/2020,India,878254,23174,553471,301609,South-East Asia
12/07/2020,Italy,243061,34954,194928,13179,Europe
12/07/2020,New Zealand,1544,22,1497,25,Western Pacific
12/07/2020,Russia,726036,11318,500208,214510,Europe
12/07/2020,US,3304942,135205,1006326,2163411,Americas
12/07/2020,United Kingdom,291154,44904,1378,244872,Europe
13/07/2020,Australia,10251,108,7835,2308,Western Pacific
13/07/2020,Canada,109971,8835,0,101136,Americas
13/07/2020,China,85117,4641,78314,2162,Western Pacific
13/07/2020,France,209640,30032,78722,100886,Europe
13/07/2020,India,906752,23727,571460,311565,South-East Asia
13/07/2020,Italy,243230,34967,195106,13157,Europe
13/07/2020,New Zealand,1545,22,1498,25,Western Pacific
13/07/2020,Russia,732547,11422,503168,217957,Europe
13/07/2020,US,3364157,135566,1031939,2196652,Americas
13/07/2020,United Kingdom,291691,44915,1384,245392,Europe
14/07/2020,Australia,10487,111,7928,2448,Western Pacific
14/07/2020,Canada,110337,8844,0,101493,Americas
14/07/2020,China,85226,4642,78373,2211,Western Pacific
14/07/2020,France,209640,30032,78722,100886,Europe
14/07/2020,India,936181,24309,592032,319840,South-East Asia
14/07/2020,Italy,243344,34984,195441,12919,Europe
14/07/2020,New Zealand,1547,22,1498,27,Western Pacific
14/07/2020,Russia,738787,11597,511958,215232,Europe
14/07/2020,US,3431574,136466,1049098,2246010,Americas
14/07/2020,United Kingdom,292931,45053,1385,246493,Europe
15/07/2020,Australia,10810,113,8035,2662,Western Pacific
15/07/2020,Canada,110680,8856,0,101824,Americas
15/07/2020,China,85246,4644,78411,2191,Western Pacific
15/07/2020,France,210568,30123,78945,101500,Europe
15/07/2020,India,968857,24914,612768,331175,South-East Asia
15/07/2020,Italy,243506,34997,196016,12493,Europe
15/07/2020,New Zealand,1548,22,1499,27,Western Pacific
15/07/2020,Russia,745197,11753,522375,211069,Europe
15/07/2020,US,3498902,137415,1075882,2285605,Americas
15/07/2020,United Kingdom,293469,45138,1386,246945,Europe
16/07/2020,Australia,11233,116,8114,3003,Western Pacific
16/07/2020,Canada,111131,8874,0,102257,Americas
16/07/2020,China,85327,4644,78444,2239,Western Pacific
16/07/2020,France,211102,30141,79161,101800,Europe
16/07/2020,India,1003832,25602,635757,342473,South-East Asia
16/07/2020,Italy,243736,35017,196246,12473,Europe
16/07/2020,New Zealand,1549,22,1506,21,Western Pacific
16/07/2020,Russia,751612,11920,530801,208891,Europe
16/07/2020,US,3576157,138358,1090645,2347154,Americas
16/07/2020,United Kingdom,294116,45204,1403,247509,Europe
17/07/2020,Australia,11441,118,8162,3161,Western Pacific
17/07/2020,Canada,111546,8883,0,102663,Americas
17/07/2020,China,85402,4645,78470,2287,Western Pacific
17/07/2020,France,211943,30155,79371,102417,Europe
17/07/2020,India,1039084,26273,653751,359060,South-East Asia
17/07/2020,Italy,243967,35028,196483,12456,Europe
17/07/2020,New Zealand,1550,22,1506,22,Western Pacific
17/07/2020,Russia,758001,12106,538467,207428,Europe
17/07/2020,US,3647715,139266,1107204,2401245,Americas
17/07/2020,United Kingdom,294803,45318,1403,248082,Europe
18/07/2020,Australia,11802,122,8274,3406,Western Pacific
18/07/2020,Canada,111862,8891,0,102971,Americas
18/07/2020,China,85418,4646,78497,2275,Western Pacific
18/07/2020,France,211943,30155,79371,102417,Europe
18/07/2020,India,1077781,26816,677423,373542,South-East Asia
18/07/2020,Italy,244216,35042,196806,12368,Europe
18/07/2020,New Zealand,1553,22,1506,25,Western Pacific
18/07/2020,Russia,764215,12228,545909,206078,Europe
18/07/2020,US,3711413,140119,1122720,2448574,Americas
18/07/2020,United Kingdom,295632,45358,1413,248861,Europe
19/07/2020,Australia,12069,123,8395,3551,Western Pacific
19/07/2020,Canada,112155,8895,0,103260,Americas
19/07/2020,China,85503,4646,78542,2315,Western Pacific
19/07/2020,France,211943,30155,79371,102417,Europe
19/07/2020,India,1118206,27497,700087,390622,South-East Asia
19/07/2020,Italy,244434,35045,196949,12440,Europe
19/07/2020,New Zealand,1554,22,1506,26,Western Pacific
19/07/2020,Russia,770311,12323,549387,208601,Europe
19/07/2020,US,3773260,140534,1131121,2501605,Americas
19/07/2020,United Kingdom,296358,45385,1413,249560,Europe
20/07/2020,Australia,12428,126,8398,3904,Western Pacific
20/07/2020,Canada,112925,8901,0,104024,Americas
20/07/2020,China,85622,4646,78567,2409,Western Pacific
20/07/2020,France,214023,30180,79668,104175,Europe
20/07/2020,India,1155338,28082,724578,402678,South-East Asia
20/07/2020,Italy,244624,35058,197162,12404,Europe
20/07/2020,New Zealand,1555,22,1506,27,Western Pacific
20/07/2020,Russia,776212,12408,552644,211160,Europe
20/07/2020,US,3834677,141025,1160087,2533565,Americas
20/07/2020,United Kingdom,296944,45397,1413,250134,Europe
21/07/2020,Australia,12894,128,8545,4221,Western Pacific
21/07/2020,Canada,113460,8907,0,104553,Americas
21/07/2020,China,85708,4648,78608,2452,Western Pacific
21/07/2020,France,214607,30168,79861,104578,Europe
21/07/2020,India,1193078,28732,753050,411296,South-East Asia
21/07/2020,Italy,244752,35073,197431,12248,Europe
21/07/2020,New Zealand,1555,22,1506,27,Western Pacific
21/07/2020,Russia,782040,12561,561397,208082,Europe
21/07/2020,US,3899211,142121,1182018,2575072,Americas
21/07/2020,United Kingdom,297389,45507,1414,250468,Europe
22/07/2020,Australia,13302,133,8770,4399,Western Pacific
22/07/2020,Canada,113777,8912,0,104865,Americas
22/07/2020,China,85906,4648,78648,2610,Western Pacific
22/07/2020,France,215605,30175,80084,105346,Europe
22/07/2020,India,1238798,29861,782607,426330,South-East Asia
22/07/2020,Italy,245032,35082,197628,12322,Europe
22/07/2020,New Zealand,1555,22,1511,22,Western Pacific
22/07/2020,Russia,787890,12726,571049,204115,Europe
22/07/2020,US,3970121,143316,1210849,2615956,Americas
22/07/2020,United Kingdom,297952,45586,1416,250950,Europe
23/07/2020,Australia,13595,139,8775,4681,Western Pacific
23/07/2020,Canada,114385,8918,0,105467,Americas
23/07/2020,China,86045,4649,78701,2695,Western Pacific
23/07/2020,France,216667,30185,80600,105882,Europe
23/07/2020,India,1288108,30601,817209,440298,South-East Asia
23/07/2020,Italy,245338,35092,197842,12404,Europe
23/07/2020,New Zealand,1556,22,1513,21,Western Pacific
23/07/2020,Russia,793720,12873,579295,201552,Europe
23/07/2020,US,4038816,144430,1233269,2661117,Americas
23/07/2020,United Kingdom,298731,45639,1425,251667,Europe
24/07/2020,Australia,13950,145,8938,4867,Western Pacific
24/07/2020,Canada,115102,8922,0,106180,Americas
24/07/2020,China,86202,4650,78745,2807,Western Pacific
24/07/2020,France,217797,30195,80943,106659,Europe
24/07/2020,India,1337024,31358,849432,456234,South-East Asia
24/07/2020,Italy,245590,35097,198192,12301,Europe
24/07/2020,New Zealand,1556,22,1513,21,Western Pacific
24/07/2020,Russia,799499,13026,587728,198745,Europe
24/07/2020,US,4112531,145560,1261624,2705347,Americas
24/07/2020,United Kingdom,299500,45762,1425,252313,Europe
25/07/2020,Australia,14403,155,9019,5229,Western Pacific
25/07/2020,Canada,115457,8928,0,106529,Americas
25/07/2020,China,86381,4652,78813,2916,Western Pacific
25/07/2020,France,217801,30195,80945,106661,Europe
25/07/2020,India,1385635,32060,885573,468002,South-East Asia
25/07/2020,Italy,245864,35102,198320,12442,Europe
25/07/2020,New Zealand,1556,22,1513,21,Western Pacific
25/07/2020,Russia,805332,13172,596064,196096,Europe
25/07/2020,US,4178970,146465,1279414,2753091,Americas
25/07/2020,United Kingdom,300270,45823,1427,253020,Europe
26/07/2020,Australia,14935,161,9174,5600,Western Pacific
26/07/2020,Canada,115776,8933,0,106843,Americas
26/07/2020,China,86570,4652,78862,3056,Western Pacific
26/07/2020,France,217801,30195,80945,106661,Europe
26/07/2020,India,1435616,32771,917568,485277,South-East Asia
26/07/2020,Italy,246118,35107,198446,12565,Europe
26/07/2020,New Zealand,1556,22,1513,21,Western Pacific
26/07/2020,Russia,811073,13249,599172,198652,Europe
26/07/2020,US,4233923,146935,1297863,2789125,Americas
26/07/2020,United Kingdom,301020,45837,1434,253749,Europe
27/07/2020,Australia,15303,167,9311,5825,Western Pacific
27/07/2020,Canada,116458,8944,0,107514,Americas
27/07/2020,China,86783,4656,78869,3258,Western Pacific
27/07/2020,France,220352,30212,81212,108928,Europe
27/07/2020,India,1480073,33408,951166,495499,South-East Asia
27/07/2020,Italy,246286,35112,198593,12581,Europe
27/07/2020,New Zealand,1557,22,1514,21,Western Pacific
27/07/2020,Russia,816680,13334,602249,201097,Europe
27/07/2020,US,4290259,148011,1325804,2816444,Americas
27/07/2020,United Kingdom,301708,45844,1437,254427,Europe